keys,en,ru,uk,zh_CN
GAME_TITLE,"Ashes of Eden","Пепел Эдема","Попіл Едему","伊甸余烬"
GAME_SUBTITLE,"An open-source tale of a soul caught between Heaven and the Abyss","Открытая история о душе, застрявшей между Небом и Бездной","Відкрита історія про душу, що застрягла між Небом і Безоднею","一段关于困于天堂与深渊之间的灵魂的开源故事"
MENU_PLAY,"Play","Играть","Грати","开始游戏"
ENEMY_CULT_CALLER,"Cult caller","Зовущий культа","Кличний культу","邪教召唤者"
ENEMY_CULT_CALLER_LORE,"He keeps his distance and his lips move: every few breaths another shade crawls out of the ground at his feet. Reach him first.","Держится поодаль и шевелит губами: через несколько вдохов у его ног из земли выползает ещё одна тень. Доберись до него первым.","Тримається осторонь і ворушить губами: за кілька вдихів біля його ніг із землі виповзає ще одна тінь. Дістанься до нього першим.","他远远站着，嘴唇翕动：每隔几次呼吸，就有一道暗影从他脚下的土里爬出来。先去解决他。"
ABILITY_RADIANCE_NAME,"Radiance","Сияние","Сяйво","光辉"
ABILITY_RADIANCE_DESC,"Skill: a burst of light around you — hurts everything close and mends you a little.","Умение: вспышка света вокруг — ранит всех рядом и немного лечит тебя.","Уміння: спалах світла довкола — ранить усіх поруч і трохи лікує тебе.","技能：周身迸发光芒——伤及近处一切，并稍稍治愈你。"
ABILITY_BLOOD_LASH_NAME,"Blood Lash","Кровавая плеть","Кривавий батіг","血鞭"
ABILITY_BLOOD_LASH_DESC,"Skill: lash the nearest enemy in front of you and drink half of what it bleeds.","Умение: хлестни ближайшего врага перед собой и выпей половину пролитой крови.","Уміння: шмагни найближчого ворога перед собою й випий половину пролитої крові.","技能：鞭笞面前最近的敌人，饮下它流出之血的一半。"
ABILITY_ASH_SPEAR_NAME,"Ash Spear","Пепельное копьё","Попелястий спис","灰烬之矛"
ABILITY_ASH_SPEAR_DESC,"Skill: hurl a spear of ash straight ahead. It flies far and hits hard.","Умение: метни копьё из пепла прямо вперёд. Летит далеко и бьёт сильно.","Уміння: метни спис із попелу прямо вперед. Летить далеко й б'є сильно.","技能：向前掷出一支灰烬之矛。飞得远，打得狠。"
MENU_CONTINUE,"Continue","Продолжить","Продовжити","继续"
MENU_LOAD,"Load","Загрузить","Завантажити","读取"
PAUSE_SAVE,"Save","Сохранить","Зберегти","保存"
SAVE_TITLE_SAVE,"Save the night","Сохранить игру","Зберегти гру","保存游戏"
SAVE_TITLE_LOAD,"Load a night","Загрузить игру","Завантажити гру","读取游戏"
SAVE_NOTE,"A save remembers the entrance of the room you are in: loading starts that room over, with what you walked in with.","Сохранение запоминает вход в текущую комнату: после загрузки комната начнётся заново — с тем, с чем ты в неё вошёл.","Збереження запам'ятовує вхід до поточної кімнати: після завантаження кімната почнеться заново — з тим, з чим ти до неї увійшов.","存档记下的是你所在房间的入口：读取后该房间将重新开始，你带着进门时的一切。"
SAVE_SLOT_AUTO,"Autosave","Автосохранение","Автозбереження","自动存档"
SAVE_SLOT,"Slot %d","Ячейка %d","Комірка %d","存档位 %d"
SAVE_EMPTY,"Empty","Пусто","Порожньо","空"
SAVE_SUMMARY,"Area %d · Lv. %d · %s","Локация %d · Ур. %d · %s","Локація %d · Рів. %d · %s","区域 %d · 等级 %d · %s"
SAVE_DO_SAVE,"Save","Сохранить","Зберегти","保存"
SAVE_DO_LOAD,"Load","Загрузить","Завантажити","读取"
SAVE_EXPORT,"Export","Экспорт","Експорт","导出"
SAVE_DELETE,"Delete","Удалить","Видалити","删除"
SAVE_CONFIRM,"Sure?","Точно?","Точно?","确定？"
SAVE_IMPORT,"Import","Импортировать","Імпортувати","导入"
SAVE_IMPORT_FILE,"Import a file","Импорт из файла","Імпорт із файлу","从文件导入"
SAVE_IMPORT_CODE,"Paste a code","Вставить код","Вставити код","粘贴存档码"
SAVE_CODE_HINT,"Paste a save code (it starts with AOE1:)","Вставь код сохранения (начинается с AOE1:)","Встав код збереження (починається з AOE1:)","粘贴存档码（以 AOE1: 开头）"
SAVE_SAVED,"Saved.","Сохранено.","Збережено.","已保存。"
SAVE_DELETED,"Deleted.","Удалено.","Видалено.","已删除。"
SAVE_CODE_COPIED,"The save code is on the clipboard.","Код сохранения скопирован в буфер обмена.","Код збереження скопійовано в буфер обміну.","存档码已复制到剪贴板。"
SAVE_EXPORTED,"Exported. The save code is on the clipboard too.","Экспортировано. Код сохранения — в буфере обмена.","Експортовано. Код збереження — у буфері обміну.","已导出。存档码也已复制到剪贴板。"
SAVE_FILE_ERROR,"Could not write the file.","Не удалось записать файл.","Не вдалося записати файл.","无法写入文件。"
SAVE_IMPORTED,"Imported into slot %d.","Импортировано в ячейку %d.","Імпортовано в комірку %d.","已导入存档位 %d。"
SAVE_IMPORT_BAD,"This is not an Ashes of Eden save, or it is damaged.","Это не сохранение «Пепла Эдема» или оно повреждено.","Це не збереження «Попелу Едему» або воно пошкоджене.","这不是《伊甸余烬》的存档，或已损坏。"
SAVE_SLOTS_FULL,"Every slot is taken: delete one first.","Все ячейки заняты — сначала удали одну.","Усі комірки зайняті — спершу видали одну.","存档位已满：请先删除一个。"
MENU_LANGUAGE,"Language","Язык","Мова","语言"
MENU_QUIT,"Quit","Выход","Вийти","退出"
HUD_AREA,"Area %d","Локация %d","Локація %d","区域 %d"
HUD_DOOR_OPEN,"The way is open →","Путь открыт →","Шлях відкрито →","道路已开启 →"
PICKER_TITLE,"Choose a gift","Выбери дар","Обери дар","选择一份恩赐"
PATH_GRACE,"Grace","Благодать","Благодать","恩典"
PATH_TEMPTATION,"Temptation","Искушение","Спокуса","诱惑"
PATH_WILL,"Will","Воля","Воля","意志"
DLG_CONTINUE,"Continue","Дальше","Далі","继续"
DLG_SKIP,"Skip","Пропустить","Пропустити","跳过"
RUN_DEAD_TITLE,"You died again.","Ты снова умер.","Ти знову помер.","你又死了。"
RUN_DEAD_BODY,"And death still will not keep you.","И смерть по-прежнему не принимает тебя.","І смерть досі не приймає тебе.","而死亡依旧不肯收留你。"
RUN_WIN_TITLE,"The first trumpet falls silent.","Первая труба умолкает.","Перша сурма замовкає.","第一声号角归于沉寂。"
RUN_WIN_BODY,"Demo complete. Thank you for playing.","Демо пройдено. Спасибо за игру.","Демо пройдено. Дякуємо за гру.","演示结束。感谢游玩。"
RUN_STATS,"Night %d · Area %d · %d slain · %s","Ночь %d · Локация %d · Убито %d · %s","Ніч %d · Локація %d · Вбито %d · %s","第 %d 夜 · 区域 %d · 击杀 %d · %s"
RUN_RETRY,"Again","Ещё раз","Ще раз","再来一次"
RUN_MENU,"Main menu","Главное меню","Головне меню","主菜单"
SPEAKER_ANGEL,"Angel","Ангел","Ангел","天使"
SPEAKER_ELIAN,"Elian","Элиан","Еліан","埃利安"
SPEAKER_STRANGER,"Stranger","Незнакомец","Незнайомець","陌生人"
DLG_CH1_INTRO_1,"You should have died.","Ты должен был умереть.","Ти мав померти.","你本该死去。"
DLG_CH1_INTRO_2,"The bell tolls for the village. Not for you. Nothing tolls for you.","Колокол звонит по деревне. Не по тебе. По тебе не звонит ничто.","Дзвін б'є за селом. Не за тобою. За тобою не б'є ніщо.","钟声为村庄而鸣。不为你。没有什么为你而鸣。"
DLG_CH1_INTRO_3,"Then why am I still here?","Тогда почему я всё ещё здесь?","Тоді чому я досі тут?","那我为什么还在这里？"
DLG_CH1_INTRO_4,"That is what I intend to find out. Survive the night, if you can.","Именно это я и намерен выяснить. Переживи эту ночь, если сможешь.","Саме це я і маю намір з'ясувати. Переживи цю ніч, якщо зможеш.","这正是我要弄清楚的。撑过今晚吧，如果你能的话。"
DLG_CH1_PROLOGUE_1,"I remember the rope. Nothing after it.","Я помню верёвку. Того, что было после, — нет.","Я пам'ятаю мотузку. Того, що було по тому, — ні.","我记得那根绳子。之后的一切，不记得了。"
DLG_CH1_PROLOGUE_2,"They tried me. The sentence was read out at length, and I never caught what it was for.","Меня судили. Приговор читали долго, и я так и не расслышал, за что.","Мене судили. Вирок читали довго, і я так і не розчув, за що.","他们审了我。判词念了很久，我始终没听清是为了什么。"
DLG_CH1_PROLOGUE_3,"I should have been listening. I was looking at the people who came to watch.","Надо было слушать. А я смотрел на тех, кто пришёл смотреть.","Треба було слухати. А я дивився на тих, хто прийшов дивитися.","我本该听清的。可我在看那些来看热闹的人。"
DLG_CH1_PROLOGUE_4,"Consecrated ground would not take me. Where they put me instead, I do not know.","Освящённая земля меня не приняла. Где меня положили вместо неё, я не знаю.","Освячена земля мене не прийняла. Де мене поклали натомість, я не знаю.","圣地不肯收我。他们把我葬去了哪里，我不知道。"
DLG_CH1_PROLOGUE_5,"No name over me, no bell.","Ни имени надо мной, ни колокола.","Ні імені наді мною, ні дзвону.","头上没有名字，也没有钟声。"
DLG_CH1_PROLOGUE_6,"That should have been the end of it.","На этом всё должно было кончиться.","На цьому все мало скінчитися.","本该到此为止。"
DLG_CH1_PROLOGUE_7,"It was not the end of it.","Оно не кончилось.","Воно не скінчилося.","并没有到此为止。"
UNLOCKED_TONIGHT,"Tonight the road offers something new: %s","Этой ночью дорога предлагает новое: %s","Цієї ночі дорога пропонує нове: %s","今夜，这条路给出了新的东西：%s"
DLG_CH1_STRANGER_1,"Do not trust the thing above the temple.","Не верь существу над храмом.","Не вір істоті над храмом.","不要相信神殿上方的那个东西。"
DLG_CH1_STRANGER_2,"It calls this a Judgement. Ask it who is being judged.","Оно называет это Судом. Спроси, кого судят.","Воно називає це Судом. Спитай, кого судять.","它称这为审判。问问它，受审的是谁。"
DLG_CH1_STRANGER_KILL,"Strike it down.","Убить.","Убити.","将它击倒。"
DLG_CH1_STRANGER_LISTEN,"Go on. I'm listening.","Продолжай. Я слушаю.","Продовжуй. Я слухаю.","说下去。我在听。"
DLG_CH1_STRANGER_LEAVE,"I don't need either of you.","Мне не нужен ни один из вас.","Мені не потрібен жоден із вас.","你们两个我都不需要。"
DLG_CH1_STRANGER_AFTER_KILL,"It didn't even try to run.","Оно даже не попыталось бежать.","Воно навіть не спробувало втекти.","它甚至没有试图逃跑。"
DLG_CH1_STRANGER_AFTER_LISTEN,"The dead here have names. The angel knows none of them. Remember that when it speaks of mercy.","У мёртвых здесь есть имена. Ангел не знает ни одного. Вспомни об этом, когда он заговорит о милосердии.","У мертвих тут є імена. Ангел не знає жодного. Згадай про це, коли він заговорить про милосердя.","这里的死者都有名字。那天使一个也不知道。当它谈论仁慈时，记住这一点。"
DLG_CH1_STRANGER_AFTER_LEAVE,"Good. Then perhaps you are what they fear.","Хорошо. Тогда, возможно, ты и есть то, чего они боятся.","Добре. Тоді, можливо, ти і є те, чого вони бояться.","很好。那么，也许你正是他们所惧怕的。"
ENEMY_POSSESSED_VILLAGER,"Possessed villager","Одержимый житель","Одержимий мешканець","被附身的村民"
ENEMY_SHADE,"Shade","Тень","Тінь","暗影"
ABILITY_SEAL_OF_ORDER_NAME,"Seal of Order","Печать Порядка","Печать Порядку","秩序之印"
ABILITY_SEAL_OF_ORDER_DESC,"Your strikes reach further.","Твои удары достают дальше.","Твої удари сягають далі.","你的攻击范围更远。"
ABILITY_SHIELD_OF_FAITH_NAME,"Shield of Faith","Щит Веры","Щит Віри","信仰之盾"
ABILITY_SHIELD_OF_FAITH_DESC,"+30 max health. Fully healed.","+30 к максимальному здоровью. Полное исцеление.","+30 до максимального здоров'я. Повне зцілення.","最大生命值+30，完全治愈。"
ABILITY_BLESSING_OF_HASTE_NAME,"Blessing of Haste","Благословение Быстроты","Благословення Швидкості","迅捷祝福"
ABILITY_BLESSING_OF_HASTE_DESC,"Attack 20% faster.","Атакуешь на 20% быстрее.","Атакуєш на 20% швидше.","攻击速度提升20%。"
ABILITY_BLOOD_PACT_NAME,"Blood Pact","Кровавый договор","Кривава угода","血之契约"
ABILITY_BLOOD_PACT_DESC,"+35% damage. −15 max health.","+35% урона. −15 к максимальному здоровью.","+35% шкоди. −15 до максимального здоров'я.","伤害+35%。最大生命值−15。"
ABILITY_HUNGER_OF_THE_ABYSS_NAME,"Hunger of the Abyss","Голод Бездны","Голод Безодні","深渊之饥"
ABILITY_HUNGER_OF_THE_ABYSS_DESC,"Heal 15% of the damage you deal.","Восстанавливаешь 15% нанесённого урона.","Відновлюєш 15% завданої шкоди.","造成伤害的15%转化为生命。"
ABILITY_WRATH_NAME,"Wrath","Гнев","Гнів","暴怒"
ABILITY_WRATH_DESC,"Attack 30% faster. −10 max health.","Атакуешь на 30% быстрее. −10 к максимальному здоровью.","Атакуєш на 30% швидше. −10 до максимального здоров'я.","攻击速度提升30%。最大生命值−10。"
ABILITY_STUBBORNNESS_NAME,"Stubbornness","Упрямство","Впертість","倔强"
ABILITY_STUBBORNNESS_DESC,"Once per run, refuse to die.","Один раз за забег откажись умирать.","Один раз за забіг відмовся помирати.","每局一次，拒绝死亡。"
ABILITY_STEADY_HAND_NAME,"Steady Hand","Твёрдая рука","Тверда рука","稳健之手"
ABILITY_STEADY_HAND_DESC,"+5 damage.","+5 к урону.","+5 до шкоди.","伤害+5。"
ABILITY_QUICK_FEET_NAME,"Quick Feet","Лёгкие ноги","Легкі ноги","疾步"
ABILITY_QUICK_FEET_DESC,"+15% speed. Dash recovers 25% faster.","+15% к скорости. Рывок восстанавливается на 25% быстрее.","+15% до швидкості. Ривок відновлюється на 25% швидше.","速度+15%，冲刺冷却缩短25%。"
ABILITY_SANCTUARY_NAME,"Sanctuary","Убежище","Прихисток","庇护所"
ABILITY_SANCTUARY_DESC,"Take 10% less damage. Heal 20.","Получаешь на 10% меньше урона. Исцеление на 20.","Отримуєш на 10% менше шкоди. Зцілення на 20.","受到伤害减少10%，治疗20点。"
ABILITY_RAVENOUS_EDGE_NAME,"Ravenous Edge","Жадное лезвие","Жадібне лезо","贪婪之刃"
ABILITY_RAVENOUS_EDGE_DESC,"+12% critical chance. −10 max health.","+12% к шансу крита. −10 к максимальному здоровью.","+12% до шансу криту. −10 до максимального здоров'я.","暴击率+12%。最大生命值−10。"
ABILITY_IRON_VIGIL_NAME,"Iron Vigil","Железное бдение","Залізне чування","铁之守夜"
ABILITY_IRON_VIGIL_DESC,"One more heal charge. +10 max health.","Ещё один заряд лечения. +10 к максимальному здоровью.","Ще один заряд лікування. +10 до максимального здоров'я.","多一次治疗充能。最大生命值+10。"
ENEMY_CULTIST,"Hooded cultist","Культист в капюшоне","Культист у каптурі","兜帽邪教徒"
ENEMY_ZEALOT,"Radiant zealot","Сияющий ревнитель","Осяйний ревнитель","辉光狂信徒"
ENEMY_OPHANIM,"Ophanim","Офаним","Офанім","欧法尼"
ENEMY_OPHANIM_SEAL,"Seal of the Wheel","Печать Колеса","Печать Колеса","轮之印"
SPEAKER_OPHANIM,"Ophanim","Офаним","Офанім","欧法尼"
DLG_CH1_OPHANIM_1,"DO NOT BE AFRAID.","НЕ БОЙСЯ.","НЕ БІЙСЯ.","不要害怕。"
DLG_CH1_OPHANIM_2,"You were judged. Why do you still stand?","Ты был судим. Почему ты всё ещё стоишь?","Тебе судили. Чому ти досі стоїш?","你已受审。为何仍然站立？"
ENEMY_WRAITH,"Restless spirit","Неупокоенный дух","Неспокійний дух","不安之魂"
ENEMY_FALLEN_GUARD,"Fallen guard","Падший страж","Занепалий вартовий","堕落守卫"
ENEMY_BLIND_PREACHER,"Blind preacher","Слепой проповедник","Сліпий проповідник","盲眼传道者"
MENU_SETTINGS,"Settings","Настройки","Налаштування","设置"
MENU_BACK,"Back","Назад","Назад","返回"
PAUSE_TITLE,"Paused","Пауза","Пауза","暂停"
PAUSE_RESUME,"Resume","Продолжить","Продовжити","继续"
SETTINGS_AUDIO,"Audio","Звук","Звук","音频"
SETTINGS_MASTER,"Master volume","Общая громкость","Загальна гучність","主音量"
SETTINGS_MUSIC,"Music","Музыка","Музика","音乐"
SETTINGS_SFX,"Sound effects","Звуковые эффекты","Звукові ефекти","音效"
SETTINGS_VIDEO,"Display","Экран","Екран","显示"
SETTINGS_FULLSCREEN,"Fullscreen","Полный экран","Повний екран","全屏"
SETTINGS_SHAKE,"Screen shake","Тряска экрана","Тряска екрана","屏幕震动"
SETTINGS_LIGHTING,"Lighting","Освещение","Освітлення","光照"
SETTINGS_CONTROLS,"Controls","Управление","Керування","操作"
SETTINGS_PRESS_KEY,"Press a key…","Нажми клавишу…","Натисни клавішу…","按下按键…"
SETTINGS_RESET,"Reset to defaults","Сбросить","Скинути","恢复默认"
ACTION_MOVE_LEFT,"Move left","Влево","Ліворуч","向左"
ACTION_MOVE_RIGHT,"Move right","Вправо","Праворуч","向右"
ACTION_JUMP,"Jump","Прыжок","Стрибок","跳跃"
ACTION_ATTACK,"Attack / ↑ + attack","Удар / ↑ + удар","Удар / ↑ + удар","攻击 / ↑ + 攻击"
ACTION_DASH,"Roll","Кувырок","Перекат","翻滚"
ACTION_BLOCK,"Block / parry","Блок / парирование","Блок / парирування","格挡 / 招架"
ACTION_PAUSE,"Pause","Пауза","Пауза","暂停"
DEATH_LINE_GRACE,"Rise. The Judgement is not finished with you.","Встань. Суд с тобой ещё не закончил.","Встань. Суд із тобою ще не закінчив.","起来。审判尚未与你了结。"
DEATH_LINE_TEMPTATION,"Again. They cannot keep you either.","Снова. Они тоже не могут тебя удержать.","Знову. Вони теж не можуть тебе втримати.","又一次。他们也留不住你。"
DEATH_LINE_WILL,"Not yet.","Ещё нет.","Ще ні.","还没到时候。"
WIN_LINE,"The bell has stopped. Nothing rings for you — and nothing needs to.","Колокол умолк. По тебе не звонит ничто — и не нужно.","Дзвін замовк. За тобою не б'є ніщо — і не треба.","钟声停了。没有什么为你而鸣——也不需要。"
RUN_BEST,"Best: area %d","Лучший результат: локация %d","Найкращий результат: локація %d","最佳：区域 %d"
RUN_GIFTS,"Gifts of this night","Дары этой ночи","Дари цієї ночі","今夜的恩赐"
ENEMY_ELITE_POSSESSED,"Elite possessed","Одержимый-элита","Одержимий-еліта","精英被附身者"
ENEMY_FALLEN_CHAMPION,"Fallen champion","Падший воитель","Занепалий воїтель","堕落勇士"
ENEMY_RAVEN,"Carrion raven","Падальный ворон","Падальний ворон","食腐渡鸦"
ENEMY_KNIGHT_OF_ASH,"Knight of Ash","Рыцарь пепла","Лицар попелу","灰烬骑士"
ACTION_HEAL,"Heal","Лечение","Зцілення","治疗"
ACTION_SKILL,"Skill","Умение","Уміння","技能"
ACTION_INTERACT,"Talk","Поговорить","Поговорити","交谈"
HUD_LEVEL,"Lv %d","Ур. %d","Рів. %d","%d 级"
HUD_COMBO,"Combo ×%d","Комбо ×%d","Комбо ×%d","连击 ×%d"
HUD_BACKSTAB,"Backstab!","Удар в спину!","Удар у спину!","背刺！"
HUD_PARRY,"Parried!","Парировано!","Відбито!","招架！"
HUD_RIPOSTE,"Riposte!","Ответный удар!","Контрудар!","反击！"
SETTINGS_DIFFICULTY,"Difficulty","Сложность","Складність","难度"
DIFF_PILGRIM,"Pilgrim","Паломник","Паломник","朝圣者"
DIFF_STANDARD,"Standard","Обычная","Звичайна","标准"
DIFF_JUDGMENT,"Judgment","Суд","Суд","审判"
RUN_ASH,"Ash +%d (total %d)","Пепел +%d (всего %d)","Попіл +%d (усього %d)","灰烬 +%d（共 %d）"
RUN_UNSCATHED,"Unscathed: %d rooms","Невредимым: комнат — %d","Неушкодженим: кімнат — %d","毫发无伤：%d 个房间"
UNSCATHED_POPUP,"Unscathed · Ash +%d","Невредим · пепел +%d","Неушкоджений · попіл +%d","毫发无伤 · 灰烬 +%d"
MENU_TOGETHER,"Play together","Игра вдвоём","Гра вдвох","双人游戏"
MP_HINT,"One of you creates the game and reads out the code; the other types it. Phone, browser or desktop, any network — it does not matter which.","Один создаёт игру и называет код, второй вводит его. Телефон, браузер или компьютер, любая сеть — неважно.","Один створює гру і називає код, другий вводить його. Телефон, браузер чи комп'ютер, будь-яка мережа — байдуже.","一人创建游戏并说出代码，另一人输入。手机、浏览器或电脑，任何网络都可以。"
MP_NAME,"Name","Имя","Ім'я","名字"
MP_MODE,"Mode","Режим","Режим","模式"
MP_MODE_COOP,"Story together","Сюжет вдвоём","Сюжет удвох","双人剧情"
MP_MODE_PVP,"Duel, one on one","Дуэль один на один","Дуель один на один","一对一对决"
MP_HOST,"Create game","Создать игру","Створити гру","创建游戏"
MP_JOIN,"Join","Присоединиться","Приєднатися","加入游戏"
MP_ADDRESS,"Code or address","Код или адрес","Код або адреса","代码或地址"
MP_PORT,"Port","Порт","Порт","端口"
MP_READY,"Ready","Готов","Готовий","准备就绪"
MP_START,"Start","Начать","Почати","开始"
MP_LEAVE,"Leave","Выйти","Вийти","离开"
MP_YOU,"you","вы","ви","你"
MP_EMPTY_SEAT,"waiting for a friend…","ждём друга…","чекаємо на друга…","等待好友…"
MP_STATUS_HOSTING,"Waiting for a friend. On this network: %s","Ждём друга. В этой сети: %s","Чекаємо на друга. У цій мережі: %s","等待好友。本地网络地址：%s"
MP_STATUS_CONNECTING,"Connecting…","Подключение…","Підключення…","连接中…"
MP_STATUS_LOBBY,"Connected. Press Ready.","Подключено. Нажмите «Готов».","Підключено. Натисніть «Готовий».","已连接。请点击准备就绪。"
NET_ERR_PORT,"That port is busy. Try another one.","Порт занят. Попробуйте другой.","Порт зайнятий. Спробуйте інший.","端口被占用，请换一个。"
NET_ERR_ADDRESS,"That address does not look right.","Адрес выглядит неправильно.","Адреса виглядає неправильно.","地址格式不正确。"
NET_ERR_CONNECT,"Could not reach the host.","Не удалось подключиться к хосту.","Не вдалося підключитися до хоста.","无法连接到主机。"
NET_ERR_HOST_LEFT,"The host closed the game.","Хост закрыл игру.","Хост закрив гру.","主机已关闭游戏。"
NET_ERR_FULL,"That game is already full.","В игре уже нет свободных мест.","У грі вже немає вільних місць.","该游戏人数已满。"
MP_CODE,"Code for a friend","Код для друга","Код для друга","给好友的代码"
MP_CODE_WAIT,"Getting a code…","Получаем код…","Отримуємо код…","正在获取代码…"
MP_CODE_NONE,"No code right now — trying again. A friend on this network can still join.","Код пока недоступен — пробуем снова. Друг в этой же сети может подключиться и так.","Код поки недоступний — пробуємо знову. Друг у цій самій мережі може підключитися й так.","暂时无法获取代码，正在重试。同一网络的好友仍可加入。"
MP_CODE_OFF,"Codes need a relay server (docs/RELAY.md). A friend on this network can still join.","Для кодов нужен сервер-ретранслятор (docs/RELAY.md). Друг в этой же сети может подключиться и так.","Для кодів потрібен сервер-ретранслятор (docs/RELAY.md). Друг у цій самій мережі може підключитися й так.","代码需要中继服务器（docs/RELAY.md）。同一网络的好友仍可加入。"
MP_COPY,"Copy","Копировать","Копіювати","复制"
MP_COPIED,"Copied","Скопировано","Скопійовано","已复制"
MP_LAN,"Games on this network","Игры в этой сети","Ігри в цій мережі","本地网络中的游戏"
MP_LAN_GAME,"Join %s — %s","Войти к %s — %s","Приєднатися до %s — %s","加入 %s — %s"
NET_ERR_NO_ROOM,"No game with that code. Check it with your friend.","Игры с таким кодом нет. Сверьте код с другом.","Гри з таким кодом немає. Звірте код із другом.","没有使用该代码的游戏，请与好友核对。"
NET_ERR_VERSION,"Your friend has another version of the game. Update both to the same one.","У друга другая версия игры. Обновите обе до одной.","У друга інша версія гри. Оновіть обидві до однієї.","好友的游戏版本不同，请更新到同一版本。"
NET_ERR_RELAY,"Could not reach the game server. Check the internet connection.","Не удалось связаться с игровым сервером. Проверьте интернет.","Не вдалося зв'язатися з ігровим сервером. Перевірте інтернет.","无法连接游戏服务器，请检查网络连接。"
NET_ERR_RELAY_BUSY,"The game server is full right now. Try again in a minute.","Игровой сервер сейчас переполнен. Попробуйте через минуту.","Ігровий сервер зараз переповнений. Спробуйте за хвилину.","游戏服务器当前已满，请稍后再试。"
NET_ERR_NO_RELAY,"This build has no relay server for codes. Type an address instead.","В этой сборке нет сервера для кодов. Введите адрес.","У цій збірці немає сервера для кодів. Введіть адресу.","此版本没有代码中继服务器，请输入地址。"
NET_ERR_TIMEOUT,"The other side stopped answering.","Другая сторона перестала отвечать.","Інша сторона перестала відповідати.","对方已无响应。"
NET_LINK_MS,"%d ms","%d мс","%d мс","%d 毫秒"
NET_UNSTABLE,"Connection unstable — waiting for %s… %d s","Связь нестабильна — ждём %s… %d с","Зв'язок нестабільний — чекаємо на %s… %d с","连接不稳定，正在等待 %s… %d 秒"
NET_LOST_TITLE,"Connection lost","Соединение потеряно","З'єднання втрачено","连接已断开"
NET_LOST_OK,"OK","Понятно","Зрозуміло","好的"
NET_PARTNER_LEFT,"%s left the game. The night goes on.","%s вышел из игры. Ночь продолжается.","%s вийшов з гри. Ніч триває.","%s 已离开游戏。夜晚仍在继续。"
DUEL_ROUND,"Round %d","Раунд %d","Раунд %d","第 %d 回合"
DUEL_FIGHT,"Fight!","Бой!","Бій!","开打！"
DUEL_ROUND_WON,"Round won","Раунд за вами","Раунд за вами","本回合获胜"
DUEL_ROUND_LOST,"Round lost","Раунд проигран","Раунд програно","本回合失利"
DUEL_VICTORY,"Victory","Победа","Перемога","胜利"
DUEL_DEFEAT,"Defeat","Поражение","Поразка","失败"
DUEL_REMATCH,"Rematch","Ещё раз","Ще раз","再来一局"
DUEL_PRACTICE,"Practice yard","Тренировочный двор","Тренувальний двір","练习场"
NPC_KNIGHT,"Knight of the Watch","Рыцарь Стражи","Лицар Варти","守望骑士"
NPC_NUN,"Sister Agnes","Сестра Агнесса","Сестра Агнеса","艾格尼丝修女"
NPC_VILLAGER,"Old woman","Старуха","Стара жінка","老妇人"
DLG_NPC_KNIGHT_1,"I held this gate for thirty years. Tonight it opened by itself.","Я держал эти ворота тридцать лет. Сегодня ночью они открылись сами.","Я тримав ці ворота тридцять років. Цієї ночі вони відчинилися самі.","这道门我守了三十年。今夜它自己开了。"
DLG_NPC_KNIGHT_2,"Go on, then. I am not the one they came for.","Иди. Пришли не за мной.","Йди. Прийшли не за мною.","去吧。他们要找的不是我。"
DLG_NPC_NUN_1,"I have said every prayer I know. Twice.","Я прочла все молитвы, какие знаю. Дважды.","Я прочитала всі молитви, які знаю. Двічі.","我把会的祷告都念过了。两遍。"
DLG_NPC_NUN_2,"You are the only thing tonight that has not answered them.","Ты — единственное за эту ночь, что на них не ответило.","Ти — єдине за цю ніч, що на них не відповіло.","今夜唯有你，没有回应它们。"
DLG_NPC_VILLAGER_1,"They buried you yesterday. I brought the bread myself.","Тебя похоронили вчера. Хлеб приносила я сама.","Тебе поховали вчора. Хліб приносила я сама.","昨天他们埋了你。面包是我亲自送去的。"
DLG_NPC_VILLAGER_2,"Do not ask me which of us is mistaken.","Не спрашивай, кто из нас ошибся.","Не питай, хто з нас помилився.","别问我们谁弄错了。"
MENU_BESTIARY,"Bestiary","Бестиарий","Бестіарій","怪物图鉴"
MENU_PRACTICE,"Practice yard","Тренировочный двор","Тренувальний двір","练武场"
BESTIARY_PRACTICE,"Spar with it","Сразиться на тренировке","Битися на тренуванні","在练武场交手"
PRACTICE_HUD,"Practice: %s · Esc to leave","Тренировка: %s · Esc — выйти","Тренування: %s · Esc — вийти","练习：%s · Esc 离开"
TECH_TITLE,"Moves","Приёмы","Прийоми","招式"
TECH_LUNGE,"Lunge","Выпад","Випад","突刺"
TECH_LUNGE_INPUT,"back, forward + Attack","назад, вперёд + Удар","назад, вперед + Удар","后、前 + 攻击"
TECH_CLEAVE,"Cleave","Рассечение","Розсічення","劈斩"
TECH_CLEAVE_INPUT,"hold Attack, let go when it glows","держать Удар, отпустить на вспышке","тримати Удар, відпустити на спалаху","按住攻击，发光时松开"
TECH_SWEEP,"Sweep","Подсечка","Підсічка","扫腿斩"
TECH_SWEEP_INPUT,"down + Attack on the ground","вниз + Удар на земле","вниз + Удар на землі","地面上 下 + 攻击"
TECH_RISING,"Rising cut","Удар вверх","Удар угору","上挑"
TECH_RISING_INPUT,"up + Attack, or Attack in the air","вверх + Удар или Удар в прыжке","угору + Удар або Удар у стрибку","上 + 攻击，或空中攻击"
TECH_DASH_STRIKE,"Strike from the roll","Удар из переката","Удар з перекату","翻滚斩"
TECH_DASH_STRIKE_INPUT,"Roll, then Attack","Перекат, затем Удар","Перекат, потім Удар","翻滚后攻击"
TECH_SLAM,"Slam","Удар с высоты","Удар з висоти","下砸"
TECH_SLAM_INPUT,"down in the air","вниз в прыжке","вниз у стрибку","空中 下"
TECH_WALL_JUMP,"Wall jump","Прыжок от стены","Стрибок від стіни","蹬墙跳"
TECH_WALL_JUMP_INPUT,"hold into a wall, Jump","прижаться к стене, Прыжок","притиснутися до стіни, Стрибок","贴墙时跳跃"
TECH_RIPOSTE,"Riposte","Ответный удар","Відповідний удар","反击"
TECH_RIPOSTE_INPUT,"Block as it lands, then Attack","Блок в момент удара, затем Удар","Блок у мить удару, потім Удар","对方命中瞬间格挡，再攻击"
TECH_BACKSTAB,"Backstab","Удар в спину","Удар у спину","背刺"
TECH_BACKSTAB_INPUT,"Attack one who has not seen you","Удар по тому, кто вас не видит","Удар по тому, хто вас не бачить","攻击未察觉你的敌人"
HINT_RISING,"Up + Attack reaches what flies over you.","Вверх + Удар достаёт того, кто летает над головой.","Угору + Удар дістає того, хто літає над головою.","上 + 攻击，可击中头顶飞行的敌人。"
HINT_SWEEP,"Down + Attack: the sweep takes the legs from under one that winds up close.","Вниз + Удар: подсечка сбивает с ног того, кто замахивается вплотную.","Вниз + Удар: підсічка збиває з ніг того, хто замахується впритул.","下 + 攻击：扫腿斩能绊倒近身蓄力的敌人。"
HINT_CLEAVE,"Hold Attack until the blade glows, then let go: the cleave goes through armour.","Держите Удар, пока клинок не засветится, и отпустите: рассечение пробивает броню.","Тримайте Удар, доки клинок не засвітиться, і відпустіть: розсічення пробиває броню.","按住攻击直到剑刃发光再松开：劈斩能破开护甲。"
HINT_LUNGE,"Back, forward, Attack: the lunge runs through a line of them.","Назад, вперёд, Удар: выпад пронзает строй насквозь.","Назад, вперед, Удар: випад пронизує стрій наскрізь.","后、前、攻击：突刺能贯穿一排敌人。"
RUN_PRACTICE_TIP,"The practice yard (main menu) teaches the moves: the lunge, the cleave, the sweep.","Тренировочный двор (главное меню) учит приёмам: выпад, рассечение, подсечка.","Тренувальний двір (головне меню) навчає прийомів: випад, розсічення, підсічка.","练武场（主菜单）可以学习招式：突刺、劈斩、扫腿斩。"
DLG_FORK_SWAMP,"The path splits past the hut. Red water to the east; steps going down into the drowned crypt.","За хижиной тропа расходится. На восток — красная вода; вниз — ступени в затопленный склеп.","За хатиною стежка розходиться. На схід — червона вода; вниз — сходи в затоплений склеп.","小屋后小路分岔。东边是红色的水；往下是通向淹没墓穴的台阶。"
DLG_FORK_SWAMP_RED,"Wade through the red water.","Пойти вброд через красную воду.","Піти вбрід через червону воду.","涉过红色的水。"
DLG_FORK_SWAMP_CRYPT,"Go down into the crypt.","Спуститься в склеп.","Спуститися в склеп.","走下墓穴。"
DLG_FORK_CATACOMBS,"Two galleries open off the ossuary. Both go down; neither says where.","Из оссуария открываются две галереи. Обе ведут вниз, ни одна не говорит куда.","З оссуарію відкриваються дві галереї. Обидві ведуть униз, жодна не каже куди.","藏骨堂通向两条长廊。都向下延伸，却都不说通往何处。"
DLG_FORK_CATACOMBS_UPPER,"Take the upper gallery.","Верхней галереей.","Верхньою галереєю.","走上层长廊。"
DLG_FORK_CATACOMBS_LOWER,"Take the lower gallery.","Нижней галереей.","Нижньою галереєю.","走下层长廊。"
ENEMY_TRAINING_DUMMY,"Straw man","Соломенное чучело","Солом'яне опудало","稻草人"
ENEMY_TRAINING_DUMMY_LORE,"It has taken every blow the novices had. It has never once complained.","Оно приняло все удары послушников. Ни разу не пожаловалось.","Воно прийняло всі удари послушників. Жодного разу не поскаржилося.","它挨过每个见习修士的每一击，从未抱怨过一次。"
BESTIARY_PROGRESS,"%d of %d known","Изучено %d из %d","Вивчено %d з %d","已了解 %d / %d"
BESTIARY_HINT_UNKNOWN,"You have not met this one yet.","Ты ещё не встречал его.","Ти ще не зустрічав його.","你尚未遇见它。"
BESTIARY_HINT_SEEN,"You have seen it. Slay one to learn what it is.","Ты видел его. Убей — и узнаешь, что это.","Ти бачив його. Убий — і дізнаєшся, що це.","你见过它。击杀一只，方知其真面目。"
BESTIARY_NEW,"New page in the bestiary: %s","Новая страница бестиария: %s","Нова сторінка бестіарію: %s","图鉴新增：%s"
BESTIARY_HP,"Health","Здоровье","Здоров'я","生命"
BESTIARY_SPEED,"Speed","Скорость","Швидкість","速度"
BESTIARY_ARMOR,"Armor","Броня","Броня","护甲"
BESTIARY_ATTACKS,"Attacks","Атаки","Атаки","攻击"
BESTIARY_ESSENCE,"Essence","Эссенция","Есенція","精华"
BESTIARY_SLAIN,"Slain","Убито","Вбито","击杀"
BESTIARY_CONTACT,"Touch","Касание","Дотик","触碰"
BESTIARY_ATK_MELEE,"Melee","Ближний","Ближній","近战"
BESTIARY_ATK_RANGED,"Ranged","Дальний","Дальній","远程"
BESTIARY_ATK_LUNGE,"Lunge","Рывок","Ривок","突进"
BESTIARY_ATK_BEAM,"Beam","Луч","Промінь","光束"
BESTIARY_PEOPLE,"People","Люди","Люди","人物"
BESTIARY_HINT_MEET,"You have seen them. Walk up and they will speak.","Ты видел его. Подойди — и он заговорит.","Ти бачив його. Підійди — і він заговорить.","你见过此人。走近，他便会开口。"
BESTIARY_ROLE,"Role","Кто","Хто","身份"
BESTIARY_PLACE,"Where","Где","Де","地点"
BESTIARY_SAYS,"Says","Говорит","Каже","常言"
NPC_ROLE_SEVERIN,"Knight of the Watch, the gatekeeper","Рыцарь Стражи, привратник","Лицар Варти, воротар","守望骑士，守门人"
NPC_ROLE_KNIGHT,"Knight of the Watch","Рыцарь Стражи","Лицар Варти","守望骑士"
NPC_ROLE_NUN,"Sister of the chapel","Сестра при часовне","Сестра при каплиці","小礼拜堂的修女"
NPC_ROLE_MARA,"The one who waits","Та, что ждёт","Та, що чекає","等候之人"
NPC_ROLE_MATTHEW,"Priest of the village church","Священник деревенской церкви","Священник сільської церкви","村中教堂的神父"
NPC_ROLE_VILLAGER,"Widow from the village","Вдова из деревни","Вдова з села","村中的寡妇"
LOC_GRAVEYARD_MOON,"The graveyard under the moon","Кладбище под луной","Цвинтар під місяцем","月下墓园"
LOC_GRAVEYARD_CROSS,"The chapel by the cross","Часовня у креста","Каплиця біля хреста","十字架旁的小礼拜堂"
LOC_SWAMP_MOON,"The drowned graves","Утонувшие могилы","Потонулі могили","沉没的坟茔"
LOC_CRYPT_SKULLS,"The blue crypt","Синий склеп","Синій склеп","蓝色地穴"
LOC_GRAVEYARD_TREE,"The graves under the old tree","Могилы под старым деревом","Могили під старим деревом","老树下的坟茔"
LOC_VILLAGE,"The village","Деревня","Село","村庄"
LOC_CHURCH,"The church","Церковь","Церква","教堂"
NPC_SEVERIN_LINE_1,"Thirty years. Not one night like this.","Тридцать лет. Ни одной такой ночи.","Тридцять років. Жодної такої ночі.","三十年了。没有一夜像今夜。"
NPC_SEVERIN_LINE_2,"Keep your back to the wall, lad.","Спиной к стене держись, парень.","Спиною до стіни тримайся, хлопче.","背靠着墙，小子。"
NPC_NUN_LINE_1,"…and deliver us. Amen. Again.","…и избави нас. Аминь. Ещё раз.","…і визволи нас. Амінь. Ще раз.","……救我们脱离。阿门。再来一遍。"
NPC_NUN_LINE_2,"The candles burn down faster tonight.","Свечи сегодня горят быстрее.","Свічки сьогодні горять швидше.","今夜的蜡烛烧得更快。"
NPC_NUN_LINE_3,"Do not look at the graves too long.","Не смотри на могилы слишком долго.","Не дивись на могили надто довго.","别盯着坟墓看太久。"
NPC_MARA_LINE_1,"You came back. They do not, usually.","Ты вернулся. Обычно не возвращаются.","Ти повернувся. Зазвичай не повертаються.","你回来了。通常他们不会。"
NPC_MARA_LINE_2,"Which way is down, do you think?","Как думаешь, где здесь вниз?","Як гадаєш, де тут униз?","你觉得，哪边是下面？"
NPC_MARA_LINE_3,"I was here before the stones.","Я была здесь раньше камней.","Я була тут раніше за каміння.","我在石头之前就在这里了。"
NPC_MATTHEW_LINE_1,"The bell has not rung since the burial. Yours.","Колокол не звонил с похорон. Твоих.","Дзвін не дзвонив із похорону. Твого.","自葬礼起，钟就没响过。你的葬礼。"
NPC_MATTHEW_LINE_2,"God does not come here. I keep the door open anyway.","Бог сюда не приходит. Дверь я всё равно держу открытой.","Бог сюди не приходить. Двері я все одно тримаю відчиненими.","神不来这里。门我照样开着。"
NPC_MATTHEW_LINE_3,"Sit, if you like. The pews remember everyone.","Сядь, если хочешь. Скамьи помнят всех.","Сядь, якщо хочеш. Лави пам'ятають усіх.","想坐就坐吧。长椅记得每一个人。"
NPC_VILLAGER_LINE_1,"The bread was still warm.","Хлеб был ещё тёплый.","Хліб був ще теплий.","面包还是热的。"
NPC_VILLAGER_LINE_2,"Mind the water. It keeps what it takes.","Осторожней с водой. Она не отдаёт, что взяла.","Обережно з водою. Вона не віддає, що взяла.","小心那水。它拿走的，不会还。"
NPC_SEVERIN_LORE,"He held the gate of the village for thirty years and remembers Elian alive. The only one who does.","Тридцать лет держал ворота деревни и помнит Элиана живым. Единственный, кто помнит.","Тридцять років тримав ворота села і пам'ятає Еліана живим. Єдиний, хто пам'ятає.","守了村门三十年，还记得活着的埃利安。唯一记得的人。"
NPC_KNIGHT_LORE,"A knight of the Watch. The gate he guarded opened by itself tonight; he does not know for whom.","Рыцарь Стражи. Ворота, что он охранял, этой ночью открылись сами; для кого — он не знает.","Лицар Варти. Ворота, які він охороняв, цієї ночі відчинилися самі; для кого — він не знає.","守望骑士。他守的门今夜自己开了；为谁而开，他不知道。"
NPC_NUN_LORE,"Sister Agnes has said every prayer she knows, twice. Nothing answered but the night.","Сестра Агнесса прочла все молитвы, какие знает, дважды. Ответила только ночь.","Сестра Агнеса прочитала всі молитви, які знає, двічі. Відповіла лише ніч.","艾格尼丝修女把会的祷告念了两遍。回应她的只有黑夜。"
NPC_MARA_LORE,"Mara waits among the graves. She asks questions the living stopped asking.","Мара ждёт среди могил. Она задаёт вопросы, которые живые задавать перестали.","Мара чекає серед могил. Вона ставить питання, які живі ставити перестали.","玛拉在坟茔间等候。她问的，是活人早已不再问的问题。"
NPC_MATTHEW_LORE,"Father Matthew keeps the church open. He has a confession to hear, or to make.","Отец Матфей держит церковь открытой. Ему есть что выслушать на исповеди — или что сказать самому.","Отець Матвій тримає церкву відчиненою. Йому є що вислухати на сповіді — або що сказати самому.","马太神父让教堂敞开着。他有一场告解要听——或要说。"
NPC_VILLAGER_LORE,"She brought the bread to Elian's burial yesterday. She will not say which of them is mistaken.","Вчера она принесла хлеб на похороны Элиана. Кто из них ошибся — не скажет.","Учора вона принесла хліб на похорон Еліана. Хто з них помилився — не скаже.","昨天她把面包送到了埃利安的葬礼上。他们谁弄错了，她不肯说。"
TAG_HUMAN,"Human","Человек","Людина","人类"
TAG_HEAVEN,"Heaven","Небеса","Небеса","天堂"
TAG_ANGEL,"Angel","Ангел","Янгол","天使"
TAG_FALLEN,"Fallen","Падший","Занепалий","堕落"
TAG_POSSESSED,"Possessed","Одержимый","Одержимий","被附身"
TAG_CULT,"Cult","Культ","Культ","邪教"
TAG_UNDEAD,"Undead","Нежить","Нежить","不死"
TAG_SPIRIT,"Spirit","Дух","Дух","灵体"
TAG_BEAST,"Beast","Зверь","Звір","野兽"
TAG_ELITE,"Elite","Элита","Еліта","精英"
TAG_MINIBOSS,"Miniboss","Мини-босс","Міні-бос","小头目"
TAG_BOSS,"Boss","Босс","Бос","头目"
ENEMY_POSSESSED_VILLAGER_LORE,"Someone you knew. Whatever wears them now never asked their leave, and it does not care that you remember their name.","Кто-то из знакомых. То, что носит его теперь, не спрашивало разрешения — и ему всё равно, что ты помнишь его имя.","Хтось зі знайомих. Те, що носить його тепер, не питало дозволу — і йому байдуже, що ти пам'ятаєш його ім'я.","你认识的人。如今占据这具身体的东西从未征得同意，也不在乎你还记得他的名字。"
ENEMY_ELITE_POSSESSED_LORE,"The thing inside has had longer to settle in. It burns brighter, and when it dies it takes the house down with it.","То, что внутри, успело обжиться. Горит ярче — а умирая, забирает с собой всё вокруг.","Те, що всередині, встигло обжитися. Горить яскравіше — а вмираючи, забирає з собою все довкола.","体内之物已盘踞许久。它燃烧得更烈，死时会把周围一切一同带走。"
ENEMY_SHADE_LORE,"What is left of a soul when neither side wanted it. It has no face, only a hunger for one.","Что остаётся от души, когда она не нужна ни одной из сторон. У неё нет лица — только голод по чужому.","Що лишається від душі, коли вона не потрібна жодній зі сторін. У неї нема обличчя — лише голод за чужим.","当两边都不要这个灵魂时，剩下的便是它。它没有脸，只有对一张脸的渴望。"
ENEMY_RAVEN_LORE,"It came for the bodies before the bell stopped. It takes no side; it waits for the sides to make more corpses.","Слетелся на тела ещё до того, как замолк колокол. Он ни за кого — он ждёт, пока стороны наделают новых трупов.","Злетівся на тіла ще до того, як замовк дзвін. Він ні за кого — він чекає, поки сторони нароблять нових трупів.","钟声未止，它已为尸体而来。它不选边站，只等两边制造更多尸体。"
ENEMY_WRAITH_LORE,"The dead of this village were never buried. They were told to wait for the trumpet. They are still waiting, and they are angry.","Мёртвых этой деревни так и не похоронили. Им велели ждать трубы. Они всё ещё ждут — и злы.","Мертвих цього села так і не поховали. Їм веліли чекати сурми. Вони досі чекають — і злі.","这村子的死者从未下葬。他们被告知要等待号角。他们仍在等，并且愤怒。"
ENEMY_CULTIST_LORE,"Men who heard the sky open and chose the winning side. They pray while they cut. The prayer is sincere.","Люди, что услышали, как раскрылось небо, и выбрали сторону сильных. Молятся, пока режут. Молитва искренняя.","Люди, що почули, як розкрилося небо, і обрали бік сильних. Моляться, поки ріжуть. Молитва щира.","听见天开之声便投向强者的人。他们一边挥刀一边祈祷。祈祷是真诚的。"
ENEMY_ZEALOT_LORE,"Touched by the light and still human, barely. It burns out through the throat and the hands. Every word it shouts is scripture.","Коснулся света и остался человеком — едва. Свет рвётся наружу через горло и ладони. Каждое слово, что он кричит, — из Писания.","Торкнувся світла й лишився людиною — ледве. Світло рветься назовні крізь горло й долоні. Кожне слово, що він кричить, — із Писання.","被光触及，勉强还算人。光从喉咙和双手烧出来。它喊出的每个字都是经文。"
ENEMY_FALLEN_GUARD_LORE,"Sworn to keep the village gate. Kept it after death, and keeps it now for whoever pays in ash. Slow. Does not flinch.","Клялся стеречь ворота деревни. Стерёг и после смерти — теперь стережёт для того, кто платит пеплом. Медленный. Не дрогнет.","Присягався стерегти ворота села. Стеріг і після смерті — тепер стереже для того, хто платить попелом. Повільний. Не здригнеться.","曾发誓守住村门。死后仍在守，如今为付得起灰烬的人守。迟缓。从不退缩。"
ENEMY_FALLEN_CHAMPION_LORE,"He won every duel he was given, and was given one too many. The blade still burns with what was promised him.","Он выиграл каждый поединок, что ему дали, — и один ему дали зря. Клинок всё ещё горит тем, что ему обещали.","Він виграв кожен двобій, що йому дали, — і один йому дали дарма. Клинок досі горить тим, що йому обіцяли.","他赢下了所有被安排的决斗，其中一场本不该有。剑上仍燃着许给他的东西。"
ENEMY_KNIGHT_OF_ASH_LORE,"He burned a town because a voice told him it was mercy. The voice never said whose. Now he waits on the road for someone who can answer.","Он сжёг город, потому что голос назвал это милосердием. Голос не сказал, чьим. Теперь он ждёт на дороге того, кто сможет ответить.","Він спалив місто, бо голос назвав це милосердям. Голос не сказав, чиїм. Тепер він чекає на дорозі того, хто зможе відповісти.","他烧了一座城，因为有个声音说那是慈悲。那声音没说是谁的慈悲。如今他在路上等一个能回答的人。"
ENEMY_BLIND_PREACHER_LORE,"He put out his own eyes so he would not see whom Heaven chose. He still preaches. He still knows exactly where you stand.","Он выколол себе глаза, чтобы не видеть, кого избрало Небо. Он всё ещё проповедует. И всё ещё точно знает, где ты стоишь.","Він виколов собі очі, щоб не бачити, кого обрало Небо. Він досі проповідує. І досі точно знає, де ти стоїш.","他挖去双眼，以免看见天堂选中了谁。他仍在布道。他仍确切知道你站在哪里。"
ENEMY_OPHANIM_LORE,"A wheel within a wheel, rimmed with eyes. It does not hate you. It was told what you are, and it has never once been wrong.","Колесо в колесе, по ободу — глаза. Оно не ненавидит тебя. Ему сказали, что ты такое, — а оно ещё ни разу не ошибалось.","Колесо в колесі, по обідку — очі. Воно не ненавидить тебе. Йому сказали, що ти таке, — а воно ще жодного разу не помилялося.","轮中之轮，轮缘布满眼睛。它不恨你。它被告知你是什么，而它从未出错。"
ENEMY_OPHANIM_SEAL_LORE,"When the wheel closes its eyes, it hangs three of them in the air and hides behind them. Each is a piece of the angel. Each breaks.","Когда колесо закрывает глаза, оно развешивает в воздухе три таких и прячется за ними. Каждая — часть ангела. Каждая бьётся.","Коли колесо заплющує очі, воно розвішує в повітрі три такі й ховається за ними. Кожна — частина ангела. Кожна б’ється.","当轮合上眼睛，便在空中悬起三个，藏在其后。每一个都是天使的一部分。每一个都会碎。"
NPC_SEVERIN,"Severin, Knight of the Watch","Северин, рыцарь Стражи","Северин, лицар Варти","守望骑士塞维林"
NPC_MARA,"Mara","Мара","Мара","玛拉"
NPC_MATTHEW,"Father Matthew","Отец Матфей","Отець Матвій","马太神父"
SPEAKER_VOICE,"Voice","Голос","Голос","声音"
DLG_SEVERIN_1,"Thirty years at this gate. Tonight it opened by itself — and you walked back through it.","Тридцать лет у этих ворот. Сегодня они открылись сами — и ты вернулся через них.","Тридцять років біля цієї брами. Сьогодні вона відчинилася сама — і ти повернувся крізь неї.","守了三十年的门。今夜它自己开了——而你从中走了回来。"
DLG_SEVERIN_2,"I stood there when they read it out. I did not say a word. Say yours.","Я стоял там, когда читали приговор. Я не сказал ни слова. Скажи своё.","Я стояв там, коли читали вирок. Я не сказав ані слова. Скажи своє.","他们宣读判决时我就站在那里。我一言未发。说你的吧。"
DLG_SEVERIN_ASK,"Who gave the order?","Кто отдал приказ?","Хто віддав наказ?","是谁下的令？"
DLG_SEVERIN_BLAME,"You could have stopped them.","Ты мог их остановить.","Ти міг їх зупинити.","你本可以阻止他们。"
DLG_SEVERIN_THANK,"Thank you for not looking away.","Спасибо, что не отвернулся.","Дякую, що не відвернувся.","谢谢你没有移开目光。"
DLG_SEVERIN_R_ASK,"The priest read it. But a priest does not write with his own hand. Ask who held the pen.","Читал священник. Но священник не пишет своей рукой. Спроси, кто держал перо.","Читав священник. Але священник не пише своєю рукою. Спитай, хто тримав перо.","是神父念的。可神父从不亲手写。去问握笔的是谁。"
DLG_SEVERIN_R_BLAME,"Yes. And I will carry that to whatever is waiting for me. Go. It is not waiting for me.","Да. И я понесу это к тому, что меня ждёт. Иди. Оно ждёт не меня.","Так. І я понесу це до того, що на мене чекає. Йди. Воно чекає не на мене.","是。我会带着这罪走向等着我的东西。去吧。它等的不是我。"
DLG_SEVERIN_R_THANK,"I looked away from worse, boy. Don't thank an old man for the one time he didn't.","Я отворачивался от худшего, парень. Не благодари старика за единственный раз, когда не отвернулся.","Я відвертався від гіршого, хлопче. Не дякуй старому за єдиний раз, коли не відвернувся.","孩子，比这更糟的事我都移开过目光。别为老头子唯一一次没移开而道谢。"
DLG_MARA_KILLED,"You killed the one thing tonight that tried to warn you. I hope it was quick.","Ты убил единственное за эту ночь, что пыталось тебя предупредить. Надеюсь, быстро.","Ти вбив єдине за цю ніч, що намагалося тебе попередити. Сподіваюся, швидко.","今夜唯一试图警告你的东西，被你杀了。但愿它死得痛快。"
DLG_MARA_HEARD,"So you already know that nobody has left through that gate. Good. Then you know why I am still here.","Значит, ты уже знаешь, что через те ворота никто не вышел. Хорошо. Тогда ты знаешь, почему я всё ещё здесь.","Отже, ти вже знаєш, що крізь ту браму ніхто не вийшов. Добре. Тоді ти знаєш, чому я досі тут.","那你已经知道，没有人从那道门走出去过。很好。那你就明白我为什么还在这里。"
DLG_MARA_DEFAULT,"You listen to no one. Fine. Then listen to me, because I came to your hanging without a stone in my hand.","Ты никого не слушаешь. Хорошо. Тогда слушай меня — я пришла на твою казнь без камня в руке.","Ти нікого не слухаєш. Добре. Тоді слухай мене — я прийшла на твою страту без каменя в руці.","你谁的话都不听。好。那就听我的——我去看你受刑时，手里没有石头。"
DLG_MARA_2,"The priest signed it. Father Matthew. He is in the church, and he thinks he saved us.","Приговор подписал священник. Отец Матфей. Он в церкви — и думает, что спас нас.","Вирок підписав священник. Отець Матвій. Він у церкві — і думає, що врятував нас.","判决是神父签的。马太神父。他在教堂里——还以为自己救了我们。"
DLG_MARA_WHO,"Who was I to you?","Кем я был для тебя?","Ким я був для тебе?","我对你来说是谁？"
DLG_MARA_HUNT,"Tell me where Matthew is.","Скажи, где Матфей.","Скажи, де Матвій.","告诉我马太在哪。"
DLG_MARA_SAVE,"Leave the village. Tonight.","Уходи из деревни. Сегодня.","Йди з села. Сьогодні.","离开村子。今晚就走。"
DLG_MARA_R_WHO,"A boy who brought me herbs and never once asked what they were for. That was enough for them.","Мальчик, который носил мне травы и ни разу не спросил, зачем. Им этого хватило.","Хлопчик, який носив мені трави й жодного разу не спитав, навіщо. Їм цього вистачило.","一个给我送草药、从不问用途的男孩。对他们来说，这就够了。"
DLG_MARA_R_HUNT,"Behind the altar. He hasn't left it since the bell started. Whatever you do there — do it looking at him.","За алтарём. Он не отходит от него с тех пор, как зазвонил колокол. Что бы ты там ни сделал — сделай это, глядя на него.","За вівтарем. Він не відходить від нього відтоді, як задзвонив дзвін. Що б ти там не зробив — зроби це, дивлячись на нього.","在祭坛后面。钟响以后他就没离开过。无论你要做什么——看着他做。"
DLG_MARA_R_SAVE,"And go where? The road ends at the gate, and the gate opens only for you.","И куда? Дорога кончается у ворот, а ворота открываются только для тебя.","І куди? Дорога закінчується біля брами, а брама відчиняється лише для тебе.","去哪儿？路在门口就断了，而那门只为你而开。"
DLG_VOICE_1,"You came down here on your own. Nobody does that anymore.","Ты спустился сюда сам. Так больше никто не делает.","Ти спустився сюди сам. Так більше ніхто не робить.","你是自己走下来的。现在没人这么做了。"
DLG_VOICE_2,"One question, and I will let you pass. If they gave you that day back — would you do it again?","Один вопрос, и я тебя пропущу. Если бы тебе вернули тот день — ты бы сделал это снова?","Одне питання, і я тебе пропущу. Якби тобі повернули той день — ти зробив би це знову?","一个问题，我就放你过去。若那一天重来——你还会那么做吗？"
DLG_VOICE_YES,"Yes.","Да.","Так.","会。"
DLG_VOICE_NO,"No.","Нет.","Ні.","不会。"
DLG_VOICE_SILENT,"…","…","…","……"
DLG_VOICE_R_YES,"Then we understand each other. Go. They will call that pride. Let them.","Тогда мы понимаем друг друга. Иди. Они назовут это гордыней. Пусть.","Тоді ми розуміємо один одного. Йди. Вони назвуть це гординею. Нехай.","那我们彼此明白了。去吧。他们会称之为傲慢。随他们。"
DLG_VOICE_R_NO,"That is what they wanted to hear. I wonder if it is true. Go.","Это то, что они хотели услышать. Интересно, правда ли это. Иди.","Це те, що вони хотіли почути. Цікаво, чи це правда. Йди.","这正是他们想听的。我倒想知道是不是真的。去吧。"
DLG_VOICE_R_SILENT,"Silence. The only answer that belongs to you alone. Go.","Молчание. Единственный ответ, который принадлежит только тебе. Иди.","Мовчання. Єдина відповідь, що належить лише тобі. Йди.","沉默。唯一只属于你自己的答案。去吧。"
DLG_MATTHEW_HUNTED,"She sent you. Mara. I knew she would, the moment the rope went taut.","Тебя послала она. Мара. Я знал это в тот миг, когда натянулась верёвка.","Тебе послала вона. Мара. Я знав це тієї миті, коли натягнулася мотузка.","是她派你来的。玛拉。绳子绷紧的那一刻我就知道了。"
DLG_MATTHEW_UNREPENTANT,"You would do it again. I can see it. Then everything I signed was right — and God help us both.","Ты сделал бы это снова. Я вижу. Значит, всё, что я подписал, было правильно — и да поможет Бог нам обоим.","Ти зробив би це знову. Я бачу. Отже, все, що я підписав, було правильно — і хай Бог допоможе нам обом.","你还会再做一次。我看得出来。那么我签下的一切都是对的——愿神救我们两个。"
DLG_MATTHEW_DEFAULT,"I signed it. I will not pretend I did not. I believed I was saving them.","Я подписал. Не стану делать вид, что нет. Я верил, что спасаю их.","Я підписав. Не вдаватиму, що ні. Я вірив, що рятую їх.","是我签的。我不会假装不是。我相信我是在救他们。"
DLG_MATTHEW_2,"The bell has not stopped since. Tell me what you came for, and I will not lie to you.","С тех пор колокол не умолкает. Скажи, зачем пришёл, и я не солгу.","Відтоді дзвін не вщухає. Скажи, навіщо прийшов, і я не збрешу.","从那以后钟声就没停过。说你为何而来，我不会对你撒谎。"
DLG_MATTHEW_CONFESS,"Confess to me.","Исповедуйся мне.","Сповідайся мені.","向我忏悔。"
DLG_MATTHEW_JUDGE,"You signed it. You will pay for it.","Ты подписал. Ты и заплатишь.","Ти підписав. Ти й заплатиш.","是你签的。你来偿还。"
DLG_MATTHEW_RELEASE,"I don't need your forgiveness. And you don't need mine.","Мне не нужно твоё прощение. А тебе — моё.","Мені не потрібне твоє прощення. А тобі — моє.","我不需要你的宽恕。你也不需要我的。"
DLG_MATTHEW_R_CONFESS,"You brought her herbs. Not for healing. For the child she was carrying, that the lord of this land put in her.","Ты носил ей травы. Не для лечения. Для ребёнка, которого она носила — от хозяина этих земель.","Ти носив їй трави. Не для лікування. Для дитини, яку вона носила — від господаря цих земель.","你给她送的草药。不是为了治病。是为了她腹中那个孩子——这片土地的领主留下的。"
DLG_MATTHEW_R_CONFESS2,"He asked for a name. I gave him yours, because yours was the only one that would not burn the whole village. Now you know.","Он потребовал имя. Я назвал твоё — потому что только твоё не сожгло бы всю деревню. Теперь ты знаешь.","Він зажадав ім'я. Я назвав твоє — бо лише твоє не спалило б усе село. Тепер ти знаєш.","他要一个名字。我给了你的——因为只有你的名字不会让整个村子被烧。现在你知道了。"
DLG_MATTHEW_R_JUDGE,"Then take it. I have been standing here waiting for someone to.","Так забери. Я стою здесь и жду, что кто-нибудь придёт за этим.","Тоді забери. Я стою тут і чекаю, що хтось прийде по це.","那就拿去吧。我站在这里，就是在等有人来取。"
DLG_MATTHEW_R_RELEASE,"That is the cruelest thing anyone has said to me. Go, then. The thing above the church is waiting, and it does not forgive either.","Это самое жестокое, что мне говорили. Тогда иди. То, что над церковью, ждёт — и оно тоже не прощает.","Це найжорстокіше, що мені казали. Тоді йди. Те, що над церквою, чекає — і воно теж не прощає.","这是有人对我说过的最残忍的话。那就去吧。教堂上方的那个东西在等你，它也不宽恕。"
DLG_AGNES_KILLED,"You came in with someone else's blood on you and you are still breathing. So they have not taken you yet.","Ты пришёл с чужой кровью на руках и всё ещё дышишь. Значит, они тебя ещё не забрали.","Ти прийшов із чужою кров'ю на руках і досі дихаєш. Отже, вони тебе ще не забрали.","你带着别人的血走来，却还在呼吸。看来它们还没有带走你。"
DLG_AGNES_HEARD,"You stopped and heard it out. Everyone who listens arrives here this quiet.","Ты остановился и выслушал его. Все, кто слушает, приходят сюда вот такими тихими.","Ти зупинився і вислухав його. Усі, хто слухає, приходять сюди отакими тихими.","你停下来，听完了它说的话。凡是肯听的人，来到这里时都这样安静。"
DLG_AGNES_BLAMED,"You told the old man at the gate it was his doing. He will believe you. He has been waiting years for someone to say it.","Ты сказал старику у ворот, что это его вина. Он тебе поверит. Он годами ждал, чтобы кто-нибудь это сказал.","Ти сказав дідові біля брами, що це його провина. Він тобі повірить. Він роками чекав, щоб хтось це сказав.","你对门口那个老人说，是他的错。他会信的。他等这句话等了很多年。"
DLG_AGNES_3,"Something is answering. It has been answering since the bell started. I only ever wanted to know whose voice it was.","Что-то отвечает. Оно отвечает с тех пор, как зазвонил колокол. Я всего лишь хотела знать, чей это голос.","Щось відповідає. Воно відповідає відтоді, як задзвонив дзвін. Я лише хотіла знати, чий це голос.","有东西在回应。从钟声响起就一直在回应。我只是想知道，那是谁的声音。"
DLG_AGNES_ASK,"Who are you praying to?","Кому ты молишься?","Кому ти молишся?","你在向谁祷告？"
DLG_AGNES_SILENCE,"Stop. Nothing is listening.","Перестань. Тебя никто не слышит.","Годі. Тебе ніхто не чує.","别念了。没有人在听。"
DLG_AGNES_BLESS,"Keep praying. For both of us.","Молись дальше. За обоих.","Молися далі. За обох.","继续祷告吧。为我们两个。"
DLG_AGNES_R_ASK,"I stopped writing the name at the top of them a week ago. It felt like addressing a letter to a house that has burned down.","Неделю назад я перестала писать имя в начале. Это было как надписывать письмо в дом, который сгорел.","Тиждень тому я перестала писати ім'я на початку. Це було як підписувати лист до будинку, що згорів.","一周前我不再在开头写那个名字了。那就像把信寄往一座已经烧掉的房子。"
DLG_AGNES_R_SILENCE,"Something is listening. That is the part that frightens me, child, not the silence.","Меня слышат. Вот это меня и пугает, дитя, а вовсе не тишина.","Мене чують. Ось це мене й лякає, дитино, а зовсім не тиша.","有东西在听。孩子，让我害怕的正是这个，而不是寂静。"
DLG_AGNES_R_BLESS,"For both of us, then. Though I am no longer certain which of us the prayer would reach first.","Значит, за обоих. Хотя я больше не уверена, до кого из нас молитва дойдёт первой.","Отже, за обох. Хоча я більше не певна, до кого з нас молитва дійде першою.","那就为我们两个。只是我已不确定，这祷告会先落到我们哪一个身上。"
DLG_AGNES_4,"Before you go. When the rope went taut — did you call for anyone?","Прежде чем уйдёшь. Когда верёвка натянулась — ты кого-нибудь звал?","Перш ніж підеш. Коли мотузка натягнулася — ти когось кликав?","你走之前。绳子绷紧的时候——你喊过谁吗？"
DLG_AGNES_CALLED,"I called.","Звал.","Кликав.","喊过。"
DLG_AGNES_ALONE,"No one.","Никого.","Нікого.","谁也没喊。"
DLG_AGNES_R_CALLED,"Then someone heard you. Whether that was a mercy, you will find out above the church.","Значит, кто-то услышал. А была ли это милость — узнаешь над церковью.","Отже, хтось почув. А чи була це милість — дізнаєшся над церквою.","那就是有谁听见了。至于那是不是慈悲，你会在教堂上方知道。"
DLG_AGNES_R_ALONE,"Good. Then whatever came for you came uninvited, and you owe it nothing at all.","Хорошо. Значит, то, что за тобой пришло, пришло незваным — и ты ему ничего не должен.","Добре. Отже, те, що по тебе прийшло, прийшло непроханим — і ти йому нічого не винен.","很好。那么来找你的东西是不请自来的，你不欠它半分。"
DLG_CRONE_KILLED,"I saw what you left on the square. The bread I carried you, I would not carry now.","Я видела, что ты оставил на площади. Хлеб, что я тебе носила, теперь бы не понесла.","Я бачила, що ти лишив на площі. Хліб, який я тобі носила, тепер би не понесла.","我看见你在广场上留下的东西了。我从前给你送的面包，现在不会再送了。"
DLG_CRONE_MARA,"Mara is gone. She took the road you told her to take. Whether that was a kindness, ask me in a year.","Мара ушла. По той дороге, на которую ты её отправил. Было ли это добром — спроси через год.","Мара пішла. Тією дорогою, на яку ти її відправив. Чи було це добром — спитай за рік.","玛拉走了。走的是你让她走的那条路。那是不是好事，一年后再来问我。"
DLG_CRONE_3,"I have carried bread to that grave for a day and a night. Ask me something while my hands are empty.","Я носила хлеб на ту могилу сутки. Спроси меня о чём-нибудь, пока руки пустые.","Я носила хліб на ту могилу добу. Спитай мене про щось, поки руки порожні.","我给那座坟送了一天一夜的面包。趁我手空着，问点什么吧。"
DLG_CRONE_WHO,"Who else came to the grave?","Кто ещё приходил на могилу?","Хто ще приходив на могилу?","还有谁到坟前来过？"
DLG_CRONE_PRIEST,"Then carry bread to the priest next.","Тогда отнеси хлеб священнику.","Тоді віднеси хліб священникові.","那下次给神父送面包去吧。"
DLG_CRONE_HOME,"Go home. Bar the door.","Иди домой. Запри дверь.","Йди додому. Замкни двері.","回家去。把门闩上。"
DLG_CRONE_R_WHO,"No one. A rope makes people busy. Only the birds and I knew which mound was yours.","Никто. Верёвка делает людей занятыми. Только птицы да я знали, какой холмик твой.","Ніхто. Мотузка робить людей заклопотаними. Лише птахи та я знали, який горбик твій.","没有人。一根绳子会让所有人都忙起来。只有鸟和我知道哪座土包是你的。"
DLG_CRONE_R_PRIEST,"He has not eaten since he signed it. Starving is not paying, boy, but it is a beginning.","Он не ел с того дня, как подписал. Голодать — не значит платить, парень, но это начало.","Він не їв відтоді, як підписав. Голодувати — не означає платити, хлопче, але це початок.","自从签了字，他就没吃过东西。挨饿不等于偿还，孩子，但总算是个开头。"
DLG_CRONE_R_HOME,"The door has been barred since Tuesday. It did not keep the sound out.","Дверь заперта со вторника. Звук она не удержала.","Двері замкнені з вівторка. Звуку вони не втримали.","门从周二起就闩着。可它没能把那声音挡在外面。"
DLG_CRONE_4,"Whatever walks back out of this night — do not come to my window. I have used up the bread.","Что бы ни вышло из этой ночи — не подходи к моему окну. Хлеб у меня кончился.","Що б не вийшло з цієї ночі — не підходь до мого вікна. Хліб у мене скінчився.","无论今夜之后走出来的是什么——别来我的窗前。面包我已经用完了。"
DLG_SEVERIN_3,"One more thing, since you are the only one left who can still be told it. The gate opened itself. Do you want to know what I think opened it?","И ещё одно — раз ты единственный, кому это ещё можно сказать. Ворота открылись сами. Хочешь знать, что, по-моему, их открыло?","І ще одне — раз ти єдиний, кому це ще можна сказати. Брама відчинилася сама. Хочеш знати, що, на мою думку, її відчинило?","还有一件事，既然只剩你还听得进去。那道门是自己开的。你想知道我认为是什么开的吗？"
DLG_SEVERIN_TELL,"Tell me.","Говори.","Кажи.","说吧。"
DLG_SEVERIN_KNOW,"I already know.","Я уже знаю.","Я вже знаю.","我已经知道了。"
DLG_SEVERIN_R_TELL,"Nothing opened it. It was never locked. Thirty years I held a gate no one was trying to come through — and the night something finally did, it walked past me while I stood there.","Ничего не открывало. Она никогда не была заперта. Тридцать лет я держал ворота, в которые никто не рвался, — а в ночь, когда кто-то всё же пришёл, он прошёл мимо меня, пока я стоял.","Ніщо не відчиняло. Вона ніколи не була замкнена. Тридцять років я тримав браму, до якої ніхто не рвався, — а тієї ночі, коли хтось нарешті прийшов, він пройшов повз мене, поки я стояв.","什么都没开。它从来就没锁过。三十年来我守着一道没人想进的门——而终于有东西来的那一夜，它就从站着的我身边走了过去。"
DLG_SEVERIN_R_KNOW,"Then you know more than a man who stood at it for thirty years. I hope that is true, and not only young.","Значит, ты знаешь больше того, кто простоял у неё тридцать лет. Надеюсь, это правда, а не просто молодость.","Отже, ти знаєш більше за того, хто простояв біля неї тридцять років. Сподіваюся, це правда, а не просто молодість.","那你知道的比一个在那儿站了三十年的人还多。但愿这是真的，而不只是年轻。"
DLG_MARA_3,"One more thing, and then go. They did not hang you for what you did. They hanged you for what it would have cost them to say it out loud.","И ещё одно, а потом иди. Тебя повесили не за то, что ты сделал. Тебя повесили за то, во что им обошлось бы сказать это вслух.","І ще одне, а потім іди. Тебе повісили не за те, що ти зробив. Тебе повісили за те, у що їм обійшлося б сказати це вголос.","还有一件事，说完你就走。他们绞死你，不是因为你做了什么。是因为把那件事说出口，他们付不起代价。"
DLG_MARA_PRESS,"Then say it out loud.","Тогда скажи это вслух.","Тоді скажи це вголос.","那就说出口。"
DLG_MARA_REFUSE,"I don't want to know.","Я не хочу знать.","Я не хочу знати.","我不想知道。"
DLG_MARA_R_PRESS,"Not out of my mouth. Out of mine it is gossip, and gossip is what got the rope. Make the man who wrote it say it.","Не из моих уст. Из моих это сплетня, а сплетня и привела к верёвке. Пусть скажет тот, кто это написал.","Не з моїх вуст. З моїх це плітка, а плітка й привела до мотузки. Хай скаже той, хто це написав.","不能从我嘴里说。从我嘴里说出来就是闲话，而正是闲话招来了绳子。让写下它的人自己说。"
DLG_MARA_R_REFUSE,"Good. Wanting to know is how I ended up alone in a graveyard at night.","Хорошо. Желание знать — вот как я оказалась ночью одна на кладбище.","Добре. Бажання знати — ось як я опинилася вночі сама на цвинтарі.","很好。就是因为想知道，我才半夜一个人待在墓地里。"
DLG_MATTHEW_3,"The bell. You have not asked about the bell.","Колокол. Ты не спросил про колокол.","Дзвін. Ти не спитав про дзвін.","那口钟。你还没问过那口钟。"
DLG_MATTHEW_BELL,"Who is ringing it?","Кто в него звонит?","Хто в нього дзвонить?","是谁在敲？"
DLG_MATTHEW_LET,"Let it ring.","Пусть звонит.","Хай дзвонить.","让它敲吧。"
DLG_MATTHEW_R_BELL,"No one. There has been no one in that tower since Tuesday. I have climbed it twice to be sure.","Никто. С вторника на той колокольне никого нет. Я дважды поднимался, чтобы убедиться.","Ніхто. З вівторка на тій дзвіниці нікого немає. Я двічі підіймався, щоб пересвідчитися.","没有人。从周二起那座钟楼上就没有人。我上去看过两次。"
DLG_MATTHEW_R_LET,"It will. Past you, past me, past whatever is sitting on the roof of my church waiting for you.","Он и будет. Мимо тебя, мимо меня, мимо того, что сидит на крыше моей церкви и ждёт тебя.","Він і дзвонитиме. Повз тебе, повз мене, повз те, що сидить на даху моєї церкви й чекає на тебе.","它会一直敲。敲过你，敲过我，敲过蹲在我教堂屋顶上等你的那个东西。"
ABILITY_MENDING_LIGHT_NAME,"Mending Light","Исцеляющий свет","Зцілююче світло","愈合之光"
ABILITY_MENDING_LIGHT_DESC,"Every kill returns 2 health.","Каждое убийство возвращает 2 здоровья.","Кожне вбивство повертає 2 здоров'я.","每次击杀回复2点生命。"
ABILITY_LITANY_OF_REST_NAME,"Litany of Rest","Литания покоя","Літанія спокою","安息祷文"
ABILITY_LITANY_OF_REST_DESC,"Heal 25 whenever a room falls silent.","Когда комната затихает, лечит на 25.","Коли кімната стихає, лікує на 25.","每当房间归于寂静，回复25点生命。"
ABILITY_TEMPERED_MAIL_NAME,"Tempered Mail","Закалённая кольчуга","Загартована кольчуга","淬火锁甲"
ABILITY_TEMPERED_MAIL_DESC,"Take 8% less damage. +15 max health.","Получаешь на 8% меньше урона. +15 к максимальному здоровью.","Отримуєш на 8% менше шкоди. +15 до максимального здоров'я.","受到的伤害降低8%。最大生命值+15。"
ABILITY_BRIAR_MANTLE_NAME,"Briar Mantle","Терновый плащ","Терновий плащ","荆棘披风"
ABILITY_BRIAR_MANTLE_DESC,"Whoever strikes you takes 35% of the blow back.","Ударивший тебя получает обратно 35% удара.","Той, хто вдарив тебе, отримує назад 35% удару.","攻击你的敌人会承受35%的反伤。"
ABILITY_VIGIL_UNBROKEN_NAME,"Unbroken Vigil","Неусыпное бдение","Невсипуще чування","不眠守夜"
ABILITY_VIGIL_UNBROKEN_DESC,"One more heal charge. Take 5% less damage.","Ещё один заряд лечения. Получаешь на 5% меньше урона.","Ще один заряд лікування. Отримуєш на 5% менше шкоди.","治疗次数+1。受到的伤害降低5%。"
ABILITY_WARD_OF_THE_NAMELESS_NAME,"Ward of the Nameless","Оберег Безымянного","Оберіг Безіменного","无名者护符"
ABILITY_WARD_OF_THE_NAMELESS_DESC,"The first blow in every room is turned aside.","Первый удар в каждой комнате отводится в сторону.","Перший удар у кожній кімнаті відводиться вбік.","每个房间受到的第一次攻击会被偏转。"
ABILITY_AEGIS_OF_ASH_NAME,"Aegis of Ash","Эгида из пепла","Егіда з попелу","灰烬圣盾"
ABILITY_AEGIS_OF_ASH_DESC,"Two more blows in every room are turned aside. −10% speed.","Ещё два удара в каждой комнате отводятся в сторону. −10% скорости.","Ще два удари в кожній кімнаті відводяться вбік. −10% швидкості.","每个房间额外偏转两次攻击。移动速度−10%。"
ABILITY_WHISPERED_BARGAIN_NAME,"Whispered Bargain","Шёпот сделки","Шепіт угоди","低语交易"
ABILITY_WHISPERED_BARGAIN_DESC,"+15% damage.","+15% урона.","+15% шкоди.","伤害+15%。"
ABILITY_SHARPENED_GREED_NAME,"Sharpened Greed","Отточенная алчность","Відточена жадібність","磨利的贪婪"
ABILITY_SHARPENED_GREED_DESC,"Kills yield 20% more essence.","Убийства дают на 20% больше эссенции.","Вбивства дають на 20% більше есенції.","击杀获得的精华+20%。"
ABILITY_KNIFE_IN_THE_DARK_NAME,"Knife in the Dark","Нож во тьме","Ніж у темряві","暗处之刃"
ABILITY_KNIFE_IN_THE_DARK_DESC,"Blows on the unaware hit far harder.","Удары по ничего не подозревающим бьют куда сильнее.","Удари по тих, хто нічого не підозрює, б'ють значно сильніше.","对未察觉的敌人造成的伤害大幅提升。"
ABILITY_CARRION_FEAST_NAME,"Carrion Feast","Пир на падали","Бенкет на падлі","腐肉盛宴"
ABILITY_CARRION_FEAST_DESC,"Every kill returns 4 health. −8 max health.","Каждое убийство возвращает 4 здоровья. −8 к максимальному здоровью.","Кожне вбивство повертає 4 здоров'я. −8 до максимального здоров'я.","每次击杀回复4点生命。最大生命值−8。"
ABILITY_EXECUTIONER_NAME,"Executioner","Палач","Кат","处刑人"
ABILITY_EXECUTIONER_DESC,"+60% damage to enemies below 30% health.","+60% урона по врагам, у которых меньше 30% здоровья.","+60% шкоди ворогам, у яких менше 30% здоров'я.","对生命值低于30%的敌人伤害+60%。"
ABILITY_CRIMSON_RITE_NAME,"Crimson Rite","Багряный обряд","Багряний обряд","猩红仪式"
ABILITY_CRIMSON_RITE_DESC,"Critical hits deal much more damage. −12 max health.","Критические удары наносят намного больше урона. −12 к максимальному здоровью.","Критичні удари завдають значно більше шкоди. −12 до максимального здоров'я.","暴击伤害大幅提升。最大生命值−12。"
ABILITY_ABYSSAL_COVENANT_NAME,"Abyssal Covenant","Завет Бездны","Заповіт Безодні","深渊之约"
ABILITY_ABYSSAL_COVENANT_DESC,"+60% damage. Lose 40% of your max health.","+60% урона. Теряешь 40% максимального здоровья.","+60% шкоди. Втрачаєш 40% максимального здоров'я.","伤害+60%。最大生命值降低40%。"
ABILITY_MEASURED_BREATH_NAME,"Measured Breath","Размеренное дыхание","Розмірене дихання","匀息"
ABILITY_MEASURED_BREATH_DESC,"Attack 12% faster.","Атакуешь на 12% быстрее.","Атакуєш на 12% швидше.","攻击速度+12%。"
ABILITY_SURE_FOOTING_NAME,"Sure Footing","Твёрдый шаг","Твердий крок","稳健步伐"
ABILITY_SURE_FOOTING_DESC,"The roll lasts longer and recovers 15% faster.","Перекат длится дольше и восстанавливается на 15% быстрее.","Перекат триває довше й відновлюється на 15% швидше.","翻滚持续更久，冷却缩短15%。"
ABILITY_DUELISTS_POISE_NAME,"Duelist's Poise","Стойка дуэлянта","Постава дуелянта","决斗者架势"
ABILITY_DUELISTS_POISE_DESC,"+8% critical chance. +3 damage.","+8% шанса крита. +3 урона.","+8% шансу криту. +3 шкоди.","暴击率+8%。伤害+3。"
ABILITY_MOMENTUM_NAME,"Momentum","Натиск","Натиск","冲势"
ABILITY_MOMENTUM_DESC,"+12% speed. +12% damage.","+12% скорости. +12% урона.","+12% швидкості. +12% шкоди.","移动速度+12%。伤害+12%。"
ABILITY_CUTTING_ROLL_NAME,"Cutting Roll","Режущий перекат","Різальний перекат","斩击翻滚"
ABILITY_CUTTING_ROLL_DESC,"Your roll deals 18 damage to everything it passes through.","Перекат наносит 18 урона всему, сквозь что проходит.","Перекат завдає 18 шкоди всьому, крізь що проходить.","翻滚会对穿过的一切造成18点伤害。"
ABILITY_SEVERING_ARC_NAME,"Severing Arc","Рассекающая дуга","Розтинальна дуга","断空之弧"
ABILITY_SEVERING_ARC_DESC,"The third strike of a chain throws an arc across the room.","Третий удар серии бросает через комнату дугу.","Третій удар серії кидає крізь кімнату дугу.","连击的第三击会射出一道横贯房间的剑弧。"
ABILITY_UNBROKEN_WILL_NAME,"Unbroken Will","Несломленная воля","Незламна воля","不屈意志"
ABILITY_UNBROKEN_WILL_DESC,"Survive one more death. +20 max health.","Переживаешь ещё одну смерть. +20 к максимальному здоровью.","Переживаєш ще одну смерть. +20 до максимального здоров'я.","额外抵挡一次死亡。最大生命值+20。"
BESTIARY_ABILITIES,"Signature abilities","Уникальные способности","Унікальні здібності","独特能力"
BESTIARY_ATK_NOVA,"Burst","Вспышка","Спалах","爆发"
BESTIARY_MOVE_DETAIL,"Damage %d · reach %d · wind-up %.1f s · cooldown %.1f s","Урон %d · радиус %d · подготовка %.1f с · откат %.1f с","Шкода %d · радіус %d · підготовка %.1f с · відкат %.1f с","伤害 %d · 范围 %d · 前摇 %.1f 秒 · 冷却 %.1f 秒"
BESTIARY_FAMILY_POSSESSED,"THE POSSESSED","ОДЕРЖИМЫЕ","ОДЕРЖИМІ","附身者"
BESTIARY_FAMILY_CULT,"THE CULT","КУЛЬТ","КУЛЬТ","邪教"
BESTIARY_FAMILY_FALLEN,"THE FALLEN","ПАДШИЕ","ЗАНЕПАЛІ","堕落者"
BESTIARY_FAMILY_RESTLESS,"THE RESTLESS","НЕУПОКОЕННЫЕ","НЕСПОКІЙНІ","不安亡灵"
BESTIARY_FAMILY_HEAVEN,"THE HEAVENS","НЕБЕСА","НЕБЕСА","天国"
Crooked Claw,"Crooked Claw","Кривой коготь","Кривий кіготь","扭曲之爪"
Hunger Leap,"Hunger Leap","Прыжок голода","Стрибок голоду","饥渴飞跃"
Ruptured Cry,"Ruptured Cry","Разорванный вопль","Розірваний крик","撕裂尖啸"
Borrowed Body,"Borrowed Body","Чужое тело","Позичене тіло","借来之躯"
Briefly ignores stagger after completing an attack.,"Briefly ignores stagger after completing an attack.","После завершённой атаки ненадолго игнорирует ошеломление.","Після завершеної атаки ненадовго ігнорує приголомшення.","完成攻击后短暂免疫硬直。"
Bone Hammer,"Bone Hammer","Костяной молот","Кістяний молот","骨锤"
Red Stampede,"Red Stampede","Багровый натиск","Багряний натиск","赤红践踏"
Fleshquake,"Fleshquake","Плотетрясение","Плотетрус","血肉震荡"
Unstable Vessel,"Unstable Vessel","Нестабильный сосуд","Нестабільна посудина","不稳容器"
"Explodes shortly after death, forcing nearby hunters away.","Explodes shortly after death, forcing nearby hunters away.","Вскоре после смерти взрывается, отгоняя охотников.","Невдовзі після смерті вибухає, відганяючи мисливців.","死后短暂延迟爆炸，逼退附近猎人。"
Ritual Knife,"Ritual Knife","Ритуальный нож","Ритуальний ніж","仪式刀"
Cinder Hex,"Cinder Hex","Пепельное проклятие","Попелясте прокляття","余烬咒"
Profane Chorus,"Profane Chorus","Нечестивый хор","Нечестивий хор","亵渎合唱"
Black Litany,"Black Litany","Чёрная литания","Чорна літанія","黑色连祷"
"Its casting cadence changes at close range, punishing a single defensive rhythm.","Its casting cadence changes at close range, punishing a single defensive rhythm.","Вблизи меняет ритм заклинаний, ломая привычную защиту.","Зблизька змінює ритм заклять, ламаючи звичний захист.","近距离会改变施法节奏，惩罚单一防御套路。"
Verse of Embers,"Verse of Embers","Стих углей","Вірш жарин","余烬诗篇"
Threefold Gospel,"Threefold Gospel","Тройное евангелие","Потрійне євангеліє","三重福音"
Martyr Sun,"Martyr Sun","Солнце мученика","Сонце мученика","殉道之阳"
Martyr's Heat,"Martyr's Heat","Жар мученика","Жар мученика","殉道热"
"The lower its health, the more often it chooses radiant area attacks.","The lower its health, the more often it chooses radiant area attacks.","Чем меньше здоровья, тем чаще использует сияющие атаки по площади.","Що менше здоров'я, то частіше використовує сяйні атаки по площі.","生命越低，越频繁施放辉光范围攻击。"
Ash Halberd,"Ash Halberd","Пепельная алебарда","Попеляста алебарда","灰烬戟"
Shield March,"Shield March","Щитовой марш","Щитовий марш","盾阵行军"
Grave Standard,"Grave Standard","Могильный штандарт","Могильний штандарт","墓旗"
Gate Oath,"Gate Oath","Клятва ворот","Клятва брами","守门誓言"
"Heavy armor and narrow patrols make it a patient territorial defender.","Heavy armor and narrow patrols make it a patient territorial defender.","Тяжёлая броня и короткий дозор делают его терпеливым защитником территории.","Важка броня й короткий дозор роблять його терплячим захисником території.","重甲与狭窄巡逻范围使其成为耐心的领地守卫。"
Champion's Cleave,"Champion's Cleave","Рассечение воителя","Розсічення воїна","勇士斩"
Violet Pursuit,"Violet Pursuit","Фиолетовая погоня","Фіолетова гонитва","紫色追猎"
Broken Arena,"Broken Arena","Разбитая арена","Розбита арена","破碎竞技场"
Duel Without End,"Duel Without End","Бесконечная дуэль","Нескінченний двобій","无尽决斗"
"Cannot be staggered easily and keeps pressure through long recovery windows.","Cannot be staggered easily and keeps pressure through long recovery windows.","Плохо поддаётся ошеломлению и продолжает давить после тяжёлых ударов.","Погано піддається приголомшенню й продовжує тиснути після важких ударів.","难以被打出硬直，并会持续施压。"
Kingless Blade,"Kingless Blade","Клинок без короля","Клинок без короля","无王之刃"
Crown Charge,"Crown Charge","Удар короны","Удар корони","王冠冲锋"
Ashen Coronation,"Ashen Coronation","Пепельная коронация","Попеляста коронація","灰烬加冕"
Ashen Reign,"Ashen Reign","Пепельное правление","Попелясте правління","灰烬统治"
"At half health it calls shades and unlocks its burning ranged pattern.","At half health it calls shades and unlocks its burning ranged pattern.","На половине здоровья призывает теней и открывает огненный рисунок атак.","На половині здоров'я закликає тіні й відкриває вогняний рисунок атак.","半血时召唤暗影并解锁燃烧攻击模式。"
Carrion Dive,"Carrion Dive","Падальный пикир","Падальне піке","腐食俯冲"
Black Beak,"Black Beak","Чёрный клюв","Чорний дзьоб","黑喙"
Murder's Cry,"Murder's Cry","Крик стаи","Крик зграї","鸦群尖啸"
Carrion Instinct,"Carrion Instinct","Падальный инстинкт","Падальний інстинкт","腐食本能"
"Fast and fragile; it circles until a clean dive opens.","Fast and fragile; it circles until a clean dive opens.","Быстрый и хрупкий; кружит, пока не найдёт чистый заход для пикирования.","Швидкий і крихкий; кружляє, доки не знайде чистий захід для піке.","迅捷而脆弱，会盘旋等待俯冲机会。"
Face Hunger,"Face Hunger","Голод по лицу","Голод за обличчям","噬面饥渴"
Soul Needle,"Soul Needle","Игла души","Голка душі","魂针"
Nameless Pulse,"Nameless Pulse","Безымянный импульс","Безіменний імпульс","无名脉冲"
Unclaimed Soul,"Unclaimed Soul","Невостребованная душа","Незатребувана душа","无人认领之魂"
"Its tiny body drifts through ledges and attacks from changing angles.","Its tiny body drifts through ledges and attacks from changing angles.","Малое тело проходит сквозь уступы и атакует с меняющихся углов.","Мале тіло проходить крізь уступи й атакує зі змінних кутів.","微小身躯可穿过平台，并从不同角度攻击。"
Grave Lantern,"Grave Lantern","Могильный фонарь","Могильний ліхтар","墓灯"
Widow's Fan,"Widow's Fan","Веер вдовы","Віяло вдови","寡妇之扇"
Last Breath,"Last Breath","Последний вздох","Останній подих","最后吐息"
Funeral Waiting,"Funeral Waiting","Погребальное ожидание","Поховальне чекання","葬礼守候"
"Floats beyond ledges and mixes aimed bolts with a spectral fan.","Floats beyond ledges and mixes aimed bolts with a spectral fan.","Парит вне уступов, чередуя точные снаряды со спектральным веером.","Ширяє поза уступами, чергуючи точні снаряди зі спектральним віялом.","飘越平台，以瞄准弹与幽灵扇射交替攻击。"
Pilgrim's Crook,"Pilgrim's Crook","Посох паломника","Посох паломника","朝圣杖"
Accusing Psalm,"Accusing Psalm","Обвиняющий псалом","Обвинувальний псалом","控诉圣咏"
Congregation of Light,"Congregation of Light","Собрание света","Зібрання світла","光之会众"
Sight Beyond Sight,"Sight Beyond Sight","Зрение за пределами зрения","Зір поза зором","超越视觉"
"Awareness and holy armor make ordinary stealth unreliable against him.","Awareness and holy armor make ordinary stealth unreliable against him.","Бдительность и святая броня делают обычную скрытность ненадёжной.","Пильність і свята броня роблять звичайну скритність ненадійною.","警觉与圣甲让普通潜行难以奏效。"
Judgement Crossing,"Judgement Crossing","Перекрестие суда","Перехрестя суду","审判十字"
Throne's Descent,"Throne's Descent","Нисхождение престола","Сходження престолу","御座降临"
Final Revelation,"Final Revelation","Последнее откровение","Останнє одкровення","最终启示"
Wheel Within Wheel,"Wheel Within Wheel","Колесо в колесе","Колесо в колесі","轮中之轮"
"Changes phase twice, summons shades and turns the room's axes into weapons.","Changes phase twice, summons shades and turns the room's axes into weapons.","Дважды меняет фазу, призывает теней и превращает оси комнаты в оружие.","Двічі змінює фазу, закликає тіні й перетворює осі кімнати на зброю.","两次转换阶段，召唤暗影，并将房间轴线化为武器。"
RARITY_COMMON,"Common","Обычный","Звичайний","普通"
RARITY_RARE,"Rare","Редкий","Рідкісний","稀有"
RARITY_EPIC,"Epic","Эпический","Епічний","史诗"
RARITY_LEGENDARY,"Legendary","Легендарный","Легендарний","传说"
SPEAKER_NARRATOR,"—","—","—","—"
DLG_CH1_OPHANIM_FALL_1,"I have weighed you. The scales do not move.","Я взвесил тебя. Весы не двигаются.","Я зважив тебе. Ваги не рухаються.","我称量了你。天平不动。"
DLG_CH1_OPHANIM_FALL_2,"What are you, that neither side will take you?","Что ты такое, если тебя не берёт ни одна сторона?","Що ти таке, якщо тебе не бере жодна сторона?","你究竟是什么，两边都不肯收留你？"
DLG_CH1_FINALE_1,"Behind him the bell rang once more — and fell silent.","Позади колокол ударил ещё раз — и замолчал.","Позаду дзвін ударив ще раз — і замовк.","身后的钟又响了一次——然后归于沉寂。"
CUTSCENE_SKIP,"Skip","Пропустить","Пропустити","跳过"
ENEMY_PREACHER_ACOLYTE,"Acolyte of the blind","Послушник слепого","Послушник сліпого","盲者的侍僧"
SPEAKER_PREACHER,"Blind preacher","Слепой проповедник","Сліпий проповідник","盲眼传道者"
DLG_CH1_PREACHER_1,"You smell of rope, child.","От тебя пахнет верёвкой, дитя.","Від тебе пахне мотузкою, дитино.","孩子，你身上有绳索的味道。"
DLG_CH1_PREACHER_2,"I cannot see you. I do not need to. I know your sins by heart.","Я не вижу тебя. Мне и не нужно. Твои грехи я знаю наизусть.","Я не бачу тебе. Мені й не треба. Твої гріхи я знаю напам'ять.","我看不见你。也不必看见。你的罪，我早已烂熟于心。"
DLG_CH1_FINALE_KNOWN,"He knew now what he had died for. It did not make the road any shorter.","Теперь он знал, за что умер. Дорога от этого короче не стала.","Тепер він знав, за що помер. Дорога від цього коротшою не стала.","如今他知道自己为何而死。路并没有因此变短。"
DLG_CH1_FINALE_GRACE,"Somewhere above, the thing that had judged him turned its face away. Not satisfied. Waiting.","Где-то наверху то, что судило его, отвернулось. Не удовлетворённое. Ждущее.","Десь угорі те, що судило його, відвернулося. Не вдоволене. Чекаюче.","在高处某个地方，审判过他的那个存在转过了脸。并不满意。仍在等待。"
DLG_CH1_FINALE_TEMPTATION,"Under the church, in the dark, a voice laughed quietly. It had been right about him.","Под церковью, в темноте, тихо рассмеялся голос. Он не ошибся в нём.","Під церквою, у темряві, тихо засміявся голос. Він не помилився в ньому.","教堂之下的黑暗里，一个声音低低地笑了。它没有看错他。"
DLG_CH1_FINALE_WILL,"Nothing in Heaven or beneath it had claimed him. He walked out of the village on his own feet.","Ни Небо, ни то, что под ним, не забрали его. Он вышел из деревни на своих ногах.","Ні Небо, ні те, що під ним, не забрали його. Він вийшов із села на власних ногах.","无论天上还是地下，都没能收走他。他靠自己的双脚走出了村庄。"
CHAPTER_I,"Chapter I · The First Trumpet","Глава I · Первая труба","Глава I · Перша сурма","第一章 · 第一声号角"
AREA_VILLAGE,"The Village","Деревня","Село","村庄"
AREA_VILLAGE_SUB,"The bell tolls by itself. For the village — not for you.","Колокол звонит сам. По деревне — не по тебе.","Дзвін б'є сам. За селом — не за тобою.","钟自己响着。为村庄——不为你。"
AREA_GRAVEYARD,"The Graveyard","Кладбище","Цвинтар","墓园"
AREA_GRAVEYARD_SUB,"They were told to wait for the trumpet. Nobody said how long.","Им велели ждать трубы. Никто не сказал, сколько.","Їм веліли чекати сурми. Ніхто не сказав, скільки.","他们被告知等待号角。没人说要等多久。"
AREA_SWAMP,"The Drowned Ground","Топь","Драговина","沉没之地"
AREA_SWAMP_SUB,"The water keeps the faces of everyone who never crossed.","Вода хранит лица всех, кто не перешёл.","Вода береже обличчя всіх, хто не перейшов.","水留住了所有没能渡过者的脸。"
AREA_CATACOMBS,"The Catacombs","Катакомбы","Катакомби","地下墓穴"
AREA_CATACOMBS_SUB,"Down here voices drop. Something is listening, and it never gives its name.","Здесь говорят тише. Что-то слушает — и не называет себя.","Тут говорять тихіше. Щось слухає — і не називає себе.","在这里人们压低声音。有什么在听，而它从不报上名字。"
AREA_CRYPTS,"The Crypts","Крипты","Крипти","地宫"
AREA_CRYPTS_SUB,"Stone over a black river, and not one name cut into it.","Камень над чёрной рекой, и ни одного имени на плитах.","Камінь над чорною рікою, і жодного імені на плитах.","黑河之上的石头，上面没有刻下一个名字。"
AREA_CHURCH,"The Church","Церковь","Церква","教堂"
AREA_CHURCH_SUB,"The man who signed the sentence still keeps this altar.","Тот, кто подписал приговор, всё ещё служит у этого алтаря.","Той, хто підписав вирок, досі служить біля цього вівтаря.","签下判决书的人，仍在这座祭坛前供职。"
AREA_ASHES,"The Ashen Gallery","Пепельная галерея","Попеляста галерея","灰烬回廊"
AREA_ASHES_SUB,"An oath with no vow left in it waits on the bridge over the fire.","Присяга, в которой не осталось клятвы, ждёт на мосту над огнём.","Присяга, в якій не лишилося клятви, чекає на мосту над вогнем.","一份已无誓言的忠诚，等在火上的桥头。"
AREA_GATE,"The Gate of the Pit","Врата бездны","Брама безодні","深渊之门"
AREA_GATE_SUB,"DO NOT BE AFRAID, says the thing hanging above it.","НЕ БОЙСЯ, — говорит то, что висит над ними.","НЕ БІЙСЯ, — каже те, що висить над нею.","不要害怕——悬在它上方的东西如此说道。"
NPC_STRANGER_LORE,"It had no face you could remember and no reason to warn you. It warned you anyway.","У него не было лица, которое можно запомнить, и не было причин предупреждать тебя. Оно всё равно предупредило.","У нього не було обличчя, яке можна запам'ятати, і не було причин попереджати тебе. Воно все одно попередило.","它没有一张让人记得住的脸，也没有理由警告你。可它还是警告了你。"
NPC_ROLE_STRANGER,"Something from below","Нечто снизу","Щось знизу","来自下方之物"
DLG_CH1_FINALE_CONFESSED,"Herbs for a child who was not supposed to exist. That was the whole of my crime.","Травы для ребёнка, которого не должно было быть. Вот и всё моё преступление.","Трави для дитини, якої не мало бути. Ось і весь мій злочин.","为一个本不该存在的孩子采的草药。这就是我的全部罪行。"
DLG_CH1_FINALE_JUDGED,"The priest is still waiting at the altar. Let him wait.","Священник всё ещё ждёт у алтаря. Пусть ждёт.","Священник досі чекає біля вівтаря. Нехай чекає.","神父仍在祭坛边等着。让他等吧。"
DLG_CH1_FINALE_RELEASED,"No pardon, no sentence. The road will do.","Ни прощения, ни приговора. Мне хватит дороги.","Ні прощення, ні вироку. Мені вистачить дороги.","没有宽恕，也没有判决。有这条路就够了。"
DLG_CH1_FINALE_UNKNOWN,"I never learned what they hanged me for. Perhaps that is the more honest way.","Я так и не узнал, за что меня повесили. Может, так даже честнее.","Я так і не дізнався, за що мене повісили. Може, так навіть чесніше.","我始终不知道他们为何绞死我。或许这样反而更诚实。"
WIN_LINE_GRACE,"Heaven will call this salvation. You know what it cost.","Небо назовёт это спасением. Ты знаешь, чего оно стоило.","Небо назве це спасінням. Ти знаєш, чого воно коштувало.","天堂会称之为救赎。你知道它的代价。"
WIN_LINE_TEMPTATION,"The Abyss will remember your name. That is not the same as forgiving it.","Бездна запомнит твоё имя. Это не то же самое, что простить.","Безодня запам'ятає твоє ім'я. Це не те саме, що пробачити.","深渊会记住你的名字。但这并不等于原谅。"
SETTINGS_TRANSITIONS,"Chapter cards","Заставки глав","Заставки глав","章节卡片"
TRANSITIONS_FULL,"Full","Полные","Повні","完整"
TRANSITIONS_SHORT,"Brief","Короткие","Короткі","简短"
TRANSITIONS_OFF,"Off","Выключены","Вимкнені","关闭"
SAVE_SUMMARY_PLACE,"%s · Lv. %d · %s","%s · Ур. %d · %s","%s · Рів. %d · %s","%s · 等级 %d · %s"
RUN_STATS_PLACE,"Night %d · %s · %d slain · %s","Ночь %d · %s · Убито %d · %s","Ніч %d · %s · Вбито %d · %s","第 %d 夜 · %s · 击杀 %d · %s"
DLG_AGNES_SEVERIN_ASKED,"You asked Severin who held the pen. He has asked himself that for years.","Ты спросил Северина, кто держал перо. Он сам задаёт себе этот вопрос годами.","Ти спитав Северина, хто тримав перо. Він сам ставить собі це питання роками.","你问塞维林是谁握着笔。这些年他也一直在问自己。"
DLG_AGNES_SEVERIN_THANKED,"You thanked Severin? He kept his post. That is not the same as standing by you.","Ты поблагодарил Северина? Он не покинул пост. Это не значит, что он был на твоей стороне.","Ти подякував Северину? Він не покинув варту. Це не означає, що він був на твоєму боці.","你谢了塞维林？他只是守住了岗位。那不等于站在你这边。"
DLG_AGNES_SEVERIN_TOLD,"He told you the gate was never locked. Then perhaps the lock was on us.","Он сказал тебе, что ворота никогда не запирали. Значит, замок был на нас самих.","Він сказав тобі, що браму ніколи не замикали. Отже, замок був на нас самих.","他说那道门从未上锁。也许被锁住的是我们。"
DLG_AGNES_SEVERIN_KNEW,"You told Severin you already knew. Then look carefully before you claim that here.","Ты сказал Северину, что уже всё знаешь. Здесь сначала присмотрись, прежде чем повторять это.","Ти сказав Северину, що вже все знаєш. Тут спершу придивись, перш ніж це повторювати.","你告诉塞维林你早就知道。那么在这里也这么说之前，先看清楚。"
DLG_MARA_AGNES_ASKED,"You asked Agnes whom she prays to. She has stopped naming anyone. I do not blame her.","Ты спросил Агнессу, кому она молится. Она больше никого не называет. И я её не виню.","Ти спитав Агнесу, кому вона молиться. Вона більше нікого не називає. І я її не виню.","你问艾格尼丝向谁祈祷。她已不再念出任何名字。我不怪她。"
DLG_MARA_AGNES_SILENCED,"You told Agnes to stop praying. She fears the answer more than the silence.","Ты велел Агнессе перестать молиться. Она боится ответа больше, чем тишины.","Ти велів Агнесі перестати молитися. Вона боїться відповіді більше за тишу.","你叫艾格尼丝别再祈祷。她怕的不是沉默，而是回应。"
DLG_MARA_AGNES_BLESSED,"You asked Agnes to pray for both of you. She still can, even if she no longer knows who hears.","Ты попросил Агнессу молиться за вас обоих. Она может — даже если уже не знает, кто услышит.","Ти попросив Агнесу молитися за вас обох. Вона може — навіть якщо вже не знає, хто почує.","你请艾格尼丝为你们两人祈祷。她仍会祈祷，哪怕不知道谁在倾听。"
DLG_MARA_AGNES_CALLED,"You called for someone when the rope tightened. Perhaps something answered.","Когда петля затянулась, ты кого-то звал. Возможно, кто-то ответил.","Коли зашморг затягнувся, ти когось кликав. Можливо, хтось відповів.","绳索勒紧时，你曾呼唤过谁。也许有什么回应了你。"
DLG_MARA_AGNES_ALONE,"You called for no one when the rope tightened. Then whatever came for you came uninvited.","Когда петля затянулась, ты никого не звал. Значит, то, что пришло за тобой, пришло незваным.","Коли зашморг затягнувся, ти нікого не кликав. Отже, те, що прийшло по тебе, прийшло непроханим.","绳索勒紧时，你谁也没叫。那么来找你的东西，是不请自来的。"
DLG_CRONE_MARA_ASKED,"You asked Mara who you were to her. She has buried more names than she says.","Ты спросил Мару, кем был для неё. Она похоронила больше имён, чем называет.","Ти спитав Мару, ким був для неї. Вона поховала більше імен, ніж називає.","你问玛拉你对她算什么。她埋葬过的名字，比她说出的多。"
DLG_CRONE_MARA_PRESSED,"You pressed Mara for the truth. Matthew is the one who wrote it down.","Ты требовал правды от Мары. Но записал её Матфей.","Ти вимагав правди від Мари. Але записав її Матвій.","你逼玛拉说出真相。可把它写下来的，是马太。"
DLG_CRONE_MARA_REFUSED,"You refused to hear Mara. The marsh keeps secrets too; they still rot.","Ты отказался слушать Мару. Топь тоже хранит тайны — и они всё равно гниют.","Ти відмовився слухати Мару. Багно теж ховає таємниці — і вони все одно гниють.","你不肯听玛拉说。沼泽也藏着秘密，可秘密仍会腐烂。"
DLG_MATTHEW_CRONE_ASKED,"You asked who came to your grave. I did not. She did.","Ты спросил, кто приходил на твою могилу. Я — нет. Она приходила.","Ти спитав, хто приходив на твою могилу. Я — ні. Вона приходила.","你问谁去过你的坟前。我没有去。她去了。"
DLG_MATTHEW_CRONE_BITTER,"You told her to bring bread to me. I have eaten nothing since I signed it.","Ты велел ей отнести хлеб мне. Я не ел с тех пор, как подписал приговор.","Ти велів їй принести хліб мені. Я не їв відтоді, як підписав вирок.","你叫她给我送面包。自从签下判决，我就没吃过东西。"
DLG_MATTHEW_CRONE_HOME,"You told her to bar her door. No door has stopped that sound.","Ты велел ей запереть дверь. Но никакая дверь не остановила этот звук.","Ти велів їй замкнути двері. Але жодні двері не зупинили цей звук.","你叫她闩好门。可没有一扇门能挡住那声音。"
DLG_CH1_PREACHER_VOICE_NO,"You told the voice below no. I can hear how hard you said it.","Ты сказал голосу снизу «нет». Слышу, как трудно тебе это далось.","Ти сказав голосу знизу «ні». Чую, як важко тобі це далося.","你对下面的声音说了不。我听得出那有多难。"
DLG_CH1_PREACHER_VOICE_SILENT,"You gave the voice below silence. Silence has its own confession.","Ты ответил голосу снизу молчанием. У молчания тоже есть исповедь.","Ти відповів голосу знизу мовчанням. У мовчання теж є сповідь.","你以沉默回应了下面的声音。沉默也有自己的忏悔。"
DLG_CH1_PREACHER_VOICE_ANSWERED,"You answered the voice below. It still speaks through your breath.","Ты ответил голосу снизу. Теперь он слышится в твоём дыхании.","Ти відповів голосу знизу. Тепер він чується у твоєму диханні.","你回答了下面的声音。如今它仍在你的呼吸里说话。"
DLG_CH1_FINALE_BELL_ASKED,"No one was in the tower. I asked him. It rang anyway.","На колокольне никого не было. Я спросил его. Колокол всё равно зазвонил.","На дзвіниці нікого не було. Я спитав його. Дзвін усе одно задзвонив.","钟楼里没有人。我问过他了。钟却还是响了。"
DLG_CH1_FINALE_BELL_LEFT,"I told him to let it ring. Now it follows me beyond the gate.","Я велел ему оставить колокол в покое. Теперь звон идёт за мной и за воротами.","Я велів йому лишити дзвін у спокої. Тепер передзвін іде за мною й за брамою.","我叫他让钟继续响。如今钟声追着我，越过了大门。"
SETTINGS_TOUCH,"Touch controls","Сенсорное управление","Сенсорне керування","触屏操作"
SETTINGS_TOUCH_MODE,"On-screen buttons","Кнопки на экране","Кнопки на екрані","屏幕按键"
TOUCH_AUTO,"Auto (phones, tablets)","Авто (телефоны, планшеты)","Авто (телефони, планшети)","自动（手机、平板）"
TOUCH_ON,"Always","Всегда","Завжди","始终显示"
TOUCH_OFF,"Never","Никогда","Ніколи","从不显示"
SETTINGS_TOUCH_SCALE,"Button size","Размер кнопок","Розмір кнопок","按键大小"
SETTINGS_TOUCH_OPACITY,"Button opacity","Прозрачность кнопок","Прозорість кнопок","按键不透明度"
SETTINGS_TOUCH_LEFT,"Left-handed","Для левши","Для шульги","左手模式"
DLG_CH1_PREACHER_MERCY_1,"You know my sins by heart. Whose wounds did you step over on the road?","Ты знаешь мои грехи наизусть. Через чьи раны ты переступил по дороге сюда?","Ти знаєш мої гріхи напам'ять. Через чиї рани ти переступив дорогою сюди?","你熟记我的罪。来这里的路上，你又跨过了谁的伤口？"
DLG_CH1_PREACHER_MERCY_2,"I was told that stopping for one would condemn the village. So I walked on.","Мне сказали: остановись ради одного — и погубишь всю деревню. Я прошёл мимо.","Мені сказали: спинись заради одного — і занапастиш усе село. Я пройшов повз.","他们告诉我，若为一个人停下，整个村子都会遭殃。所以我继续往前走。"
DLG_MATTHEW_ROAD,"I preached of the wounded traveller. When you came to us, I crossed to the other side.","Я проповедовал о раненом путнике. Когда пришёл ты, я перешёл на другую сторону дороги.","Я проповідував про пораненого подорожнього. Коли прийшов ти, я перейшов на інший бік дороги.","我曾讲过那个受伤的旅人。可你来时，我却走到了路的另一边。"
DLG_MATTHEW_NAMES,"Where are the names of the others?","Где имена остальных?","Де імена решти?","其他人的名字在哪里？"
DLG_MATTHEW_R_NAMES,"In a book beneath the altar. I called them numbers so I could sleep. I remember every name.","В книге под алтарём. Я называл их номерами, чтобы спать по ночам. Но помню каждое имя.","У книзі під вівтарем. Я називав їх номерами, щоб спати ночами. Та пам'ятаю кожне ім'я.","在祭坛下的一本册子里。我把他们叫作数字，好让自己睡得着。可每个名字我都记得。"
DLG_CH1_OPHANIM_FALL_3,"My rims are full of eyes. I saw your death, but not the hand that wrote your sentence.","Мои ободы полны глаз. Я видел твою смерть, но не руку, написавшую приговор.","Мої ободи повні очей. Я бачив твою смерть, але не руку, що написала вирок.","我的轮缘布满眼睛。我看见了你的死，却没看见写下判决的那只手。"
DLG_CH1_FINALE_NAMES,"You weighed one man. What of the names in the book beneath the altar?","Ты взвесил одного человека. А как же имена в книге под алтарём?","Ти зважив одну людину. А як же імена в книзі під вівтарем?","你只称量了一个人。祭坛下那本册子里的名字呢？"
SETTINGS_VIBRATION,"Vibration","Вибрация","Вібрація","振动"
SETTINGS_SPEECH,"Spoken lines","Озвучка реплик","Озвучення реплік","语音朗读"
NOTE_GATE_LOG,"Severin's gate log","Журнал Северина","Журнал Северина","塞维林的门房日志"
DLG_NOTE_GATE_1,"Night of the burial. The Father and four men took a covered cart out through my gate.","Ночь похорон. Отец и четверо мужчин вывезли через мои ворота крытую телегу.","Ніч похорону. Отець і четверо чоловіків вивезли через мою браму криту гарбу.","下葬那夜。神父和四个男人推着一辆盖着布的车，从我的门出去了。"
DLG_NOTE_GATE_2,"Not to the churchyard. The Father said consecrated ground would not take him.","Не на погост. Отец сказал, что освящённая земля его не примет.","Не на цвинтар. Отець сказав, що освячена земля його не прийме.","不是去教堂墓地。神父说，圣地不肯收他。"
DLG_NOTE_GATE_3,"The rope came back in the cart. I did not write his name then. I am writing it now: Elian.","Верёвка вернулась в телеге. Имени я тогда не записал. Пишу сейчас: Элиан.","Мотузка повернулася в гарбі. Імені я тоді не записав. Пишу зараз: Еліан.","绳子跟着车回来了。那时我没有写下他的名字。现在我写：埃利安。"
NOTE_PREACHER_LETTERS,"Letters to the Order","Письма Ордену","Листи Ордену","致修会的信"
DLG_NOTE_LETTERS_1,"In another hand, for a man who cannot see: ""The village pays in grief. Grief is enough.""","Чужой рукой — за того, кто не видит: «Деревня платит скорбью. Скорби довольно».","Чужою рукою — за того, хто не бачить: «Село платить скорботою. Скорботи досить».","由别人代笔，替一个看不见的人写：「村子以哀恸偿付。哀恸就够了。」"
DLG_NOTE_LETTERS_2,"""Send no more men. They take the dead, and the dead do not stay taken.""","«Не шлите больше людей. Они забирают мёртвых, а мёртвые не остаются забранными».","«Не шліть більше людей. Вони забирають мертвих, а мертві не лишаються забраними».","「别再派人来了。他们带走死者，可死者不会一直被带走。」"
DLG_NOTE_LETTERS_3,"The last one is unsigned: ""He has woken. I heard the rope creak under the ground.""","Последнее — без подписи: «Он проснулся. Я слышал, как под землёй скрипнула верёвка».","Останній — без підпису: «Він прокинувся. Я чув, як під землею рипнула мотузка».","最后一封没有署名：「他醒了。我听见地下的绳子吱呀作响。」"
NOTE_CRYPT_NAMES,"Names under the lid","Имена под крышкой","Імена під віком","棺盖下的名字"
DLG_NOTE_CRYPT_1,"Scratched on the inside of the lid. With nails, not a knife.","Выцарапано изнутри крышки. Ногтями, не ножом.","Видряпано зсередини віка. Нігтями, не ножем.","刻在棺盖内侧。用的是指甲，不是刀。"
DLG_NOTE_CRYPT_2,"Ruth, who went into the river. Tobias, who drank. The miller's twins, never baptised.","Руфь, что ушла в реку. Товия, что пил. Мельниковы близнецы, некрещёные.","Рут, що пішла в річку. Товія, що пив. Мельникові близнюки, нехрещені.","路得，走进了河里。多比，嗜酒。磨坊主的双胞胎，未曾受洗。"
DLG_NOTE_CRYPT_3,"Everyone the churchyard refused. Below, fresher: ""They are not lost. They are waiting.""","Все, кого не принял погост. Ниже, свежее: «Они не потеряны. Они ждут».","Усі, кого не прийняв цвинтар. Нижче, свіжіше: «Вони не загублені. Вони чекають».","所有被教堂墓地拒绝的人。下面一行更新：「他们没有迷失。他们在等待。」"
DLG_CH1_PREACHER_LETTERS_1,"Your letters were in the swamp. You sold the village's grief.","Твои письма лежали в топи. Ты продал скорбь деревни.","Твої листи лежали в трясовині. Ти продав скорботу села.","你的信在沼泽里。你卖掉了村子的哀恸。"
DLG_CH1_PREACHER_LETTERS_2,"Sold? Grief was all they had left, and the Order was the only one still asking.","Продал? Скорбь — всё, что у них осталось, и только Орден ещё о чём-то просил.","Продав? Скорбота — усе, що в них лишилося, і тільки Орден ще про щось просив.","卖？哀恸是他们仅剩的东西，而只有修会还在向他们索要。"
NOTE_NEW,"New record: %s","Новая запись: %s","Новий запис: %s","新记录：%s"
NOTE_ASH,"+%d ash","+%d пепла","+%d попелу","+%d 灰烬"
BESTIARY_NOTES,"Records","Записи","Записи","记录"
BESTIARY_HINT_NOTE,"Hidden somewhere in the dark. Look for cracked walls.","Спрятана где-то во тьме. Ищи треснувшие стены.","Схована десь у темряві. Шукай тріснуті стіни.","藏在黑暗中的某处。留意开裂的墙。"
ITEM_CENSER_EMBER_NAME,"Censer Ember","Кадильный уголь","Кадильна жарина","香炉余烬"
ITEM_CENSER_EMBER_DESC,"Drinking a flask scorches every enemy beside you.","Глоток из фляги обжигает всех врагов рядом.","Ковток із фляги обпікає всіх ворогів поруч.","饮下药瓶时，身边的敌人都会被灼伤。"
ITEM_CRACKED_BELL_NAME,"Cracked Bell","Треснувший колокол","Тріснутий дзвін","裂钟"
ITEM_CRACKED_BELL_DESC,"A parry rings out and stops every enemy near you.","Парирование звенит и останавливает всех врагов рядом.","Парирування дзвенить і зупиняє всіх ворогів поруч.","格挡如钟声响起，让身边的敌人都停下。"
ITEM_PILGRIMS_KNOT_NAME,"Pilgrim's Knot","Узел паломника","Вузол прочанина","朝圣者之结"
ITEM_PILGRIMS_KNOT_DESC,"Every chest you open heals you.","Каждый открытый сундук лечит.","Кожна відкрита скриня лікує.","每打开一个箱子，都会治愈你。"
ITEM_GRAVE_SALT_NAME,"Grave Salt","Могильная соль","Могильна сіль","墓盐"
ITEM_GRAVE_SALT_DESC,"A blow in the back gives you your roll back at once.","Удар в спину сразу возвращает перекат.","Удар у спину одразу повертає перекид.","从背后一击，立刻让你能再次翻滚。"
ITEM_VIGIL_GLASS_NAME,"Vigil Glass","Часы бдения","Годинник чування","守夜沙漏"
ITEM_VIGIL_GLASS_DESC,"Clear a room without a wound and a flask fills again.","Очисти комнату без единой раны, и одна фляга снова полна.","Очисть кімнату без жодної рани, і одна фляга знову повна.","不受一伤清空房间，便有一瓶药重新装满。"
ITEM_BROKEN_HALO_NAME,"Broken Halo","Разбитый нимб","Розбитий німб","破碎光环"
ITEM_BROKEN_HALO_DESC,"After a wound, your next swing strikes far harder.","После раны следующий удар гораздо сильнее.","Після рани наступний удар значно сильніший.","受伤之后，你的下一击会重得多。"
ITEM_FALLEN_FEATHER_NAME,"Fallen Feather","Павшее перо","Впале перо","堕落之羽"
ITEM_FALLEN_FEATHER_DESC,"Near death, every critical blow heals you.","На краю смерти каждый критический удар лечит.","На краю смерті кожен критичний удар лікує.","濒死之时，每一次暴击都会治愈你。"
HUD_ITEM_FOUND,"Found: %s","Найдено: %s","Знайдено: %s","获得：%s"
REST_PROMPT,"Rest","Отдохнуть","Відпочити","歇息"
REST_DONE,"You rest. The dead get up again.","Ты отдыхаешь. Мёртвые снова встают.","Ти відпочиваєш. Мертві знову встають.","你歇息了。死者又站了起来。"
REST_SPENT,"The candles here are out.","Свечи здесь погасли.","Свічки тут згасли.","这里的蜡烛已经熄灭。"
REST_ENEMIES,"Not with them this close.","Не когда они так близко.","Не тоді, коли вони так близько.","它们离得这么近，不行。"
SKIN_PILGRIM_NAME,"Pilgrim's Red","Красный паломника","Червоний прочанина","朝圣者之红"
SKIN_PILGRIM_DESC,"The cloak he woke up in.","Плащ, в котором он очнулся.","Плащ, у якому він прокинувся.","他醒来时披着的斗篷。"
SKIN_GRAVE_MOSS_NAME,"Grave Moss","Могильный мох","Могильний мох","墓苔"
SKIN_GRAVE_MOSS_DESC,"Three nights in the ground dye anything. Survive three nights.","Три ночи в земле красят что угодно. Переживи три ночи.","Три ночі в землі фарбують що завгодно. Переживи три ночі.","在土里过三夜，什么都会被染色。熬过三夜。"
SKIN_NIGHT_WATCH_NAME,"Night Watch","Ночной дозор","Нічна варта","守夜人"
SKIN_NIGHT_WATCH_DESC,"The colours of the order the Knight of Ash betrayed. Defeat him.","Цвета ордена, который предал Рыцарь пепла. Одолей его.","Кольори ордену, який зрадив Лицар попелу. Здолай його.","灰烬骑士背叛的骑士团之色。击败他。"
SKIN_BONE_WHITE_NAME,"Bone White","Костяная белизна","Кістяна білизна","骨白"
SKIN_BONE_WHITE_DESC,"What the wheel of eyes leaves of a colour. Defeat the Ophanim.","То, что колесо глаз оставляет от цвета. Одолей Офанима.","Те, що колесо очей лишає від кольору. Здолай Офаніма.","眼之轮留给颜色的东西。击败欧法尼。"
SKIN_EMBER_NAME,"Ember","Тлеющий","Жаринний","余烬"
SKIN_EMBER_DESC,"Worn by those who have put three hundred to rest.","Для тех, кто упокоил три сотни.","Для тих, хто упокоїв три сотні.","献给安息了三百者的人。"
SETTINGS_SKIN,"Cloak","Плащ","Плащ","斗篷"
SKIN_LOCKED,"%s (locked)","%s (закрыт)","%s (закрито)","%s（未解锁）"
BESTIARY_DEEDS,"Deeds","Деяния","Діяння","事迹"
DEED_DONE,"Deed: %s","Деяние: %s","Діяння: %s","事迹：%s"
DEED_ASH,"+%d Ash","+%d пепла","+%d попелу","+%d 灰烬"
DEED_ON,"Done on","Свершено","Звершено","达成于"
DEED_PROGRESS,"So far","Пока что","Поки що","进度"
DEED_REWARD,"Ash","Пепел","Попіл","灰烬"
DEED_FIRST_NIGHT,"The First Night","Первая ночь","Перша ніч","第一夜"
DEED_FIRST_NIGHT_DESC,"Live through a night, to its end or to yours.","Пройти ночь — до её конца или до своего.","Пройти ніч — до її кінця або до свого.","熬过一夜——直到它的尽头，或你的尽头。"
DEED_TEN_NIGHTS,"Ten Nights","Десять ночей","Десять ночей","十夜"
DEED_TEN_NIGHTS_DESC,"Wake in the ash ten times.","Очнуться в пепле десять раз.","Прокинутися в попелі десять разів.","在灰烬中醒来十次。"
DEED_PREACHER,"The Blind See","Слепые прозрели","Сліпі прозріли","盲者得见"
DEED_PREACHER_DESC,"Silence the Blind Preacher.","Заставить умолкнуть Слепого проповедника.","Змусити замовкнути Сліпого проповідника.","让盲眼传道者沉默。"
DEED_KNIGHT,"Oath Undone","Клятва снята","Клятву знято","誓约解除"
DEED_KNIGHT_DESC,"Bring down the Knight of Ash.","Одолеть Рыцаря пепла.","Здолати Лицаря попелу.","击倒灰烬骑士。"
DEED_OPHANIM,"Do Not Be Afraid","Не бойся","Не бійся","不要惧怕"
DEED_OPHANIM_DESC,"Close the Ophanim's eyes for good.","Навсегда закрыть глаза Офаниму.","Назавжди закрити очі Офаниму.","让欧法尼姆永远合上双眼。"
DEED_DAWN,"Dawn","Рассвет","Світанок","黎明"
DEED_DAWN_DESC,"See the first trumpet's night through to morning.","Дожить до утра в ночь первой трубы.","Дожити до ранку в ніч першої сурми.","撑过第一声号角之夜，直到清晨。"
DEED_PATH_GRACE,"Dawn in Grace","Рассвет в благодати","Світанок у благодаті","恩典中的黎明"
DEED_PATH_GRACE_DESC,"Reach the dawn leaning towards grace.","Встретить рассвет, склоняясь к благодати.","Зустріти світанок, схиляючись до благодаті.","以倾向恩典之姿迎来黎明。"
DEED_PATH_TEMPTATION,"Dawn in Temptation","Рассвет в искушении","Світанок у спокусі","诱惑中的黎明"
DEED_PATH_TEMPTATION_DESC,"Reach the dawn leaning towards temptation.","Встретить рассвет, склоняясь к искушению.","Зустріти світанок, схиляючись до спокуси.","以倾向诱惑之姿迎来黎明。"
DEED_PATH_WILL,"Dawn by Will","Рассвет волей","Світанок волею","意志中的黎明"
DEED_PATH_WILL_DESC,"Reach the dawn owing nothing to either side.","Встретить рассвет, не задолжав ни одной из сторон.","Зустріти світанок, не заборгувавши жодній зі сторін.","不欠任何一方，迎来黎明。"
DEED_JUDGMENT,"Weighed and Found","Взвешен и найден","Зважений і знайдений","称量已毕"
DEED_JUDGMENT_DESC,"Reach the dawn on Judgment.","Встретить рассвет на «Суде».","Зустріти світанок на «Суді».","在“审判”难度下迎来黎明。"
DEED_HUNDRED,"A Hundred Laid Down","Сотня упокоенных","Сотня упокоєних","百魂安息"
DEED_HUNDRED_DESC,"Put a hundred of the risen back to rest.","Вернуть к покою сотню восставших.","Повернути до спокою сотню повсталих.","让一百个复起者重归安息。"
DEED_THOUSAND,"A Thousand Laid Down","Тысяча упокоенных","Тисяча упокоєних","千魂安息"
DEED_THOUSAND_DESC,"Put a thousand of the risen back to rest.","Вернуть к покою тысячу восставших.","Повернути до спокою тисячу повсталих.","让一千个复起者重归安息。"
DEED_BESTIARY,"Every Name","Все имена","Усі імена","万物之名"
DEED_BESTIARY_DESC,"Know every kind of thing that walks this night.","Узнать всех, кто ходит этой ночью.","Пізнати всіх, хто ходить цієї ночі.","认识这一夜中行走的每一种存在。"
DEED_RECORDS,"What Was Hidden","Сокрытое","Приховане","隐秘之物"
DEED_RECORDS_DESC,"Find every record behind the walls.","Найти все записи, замурованные в стенах.","Знайти всі записи, замуровані в стінах.","找到墙后藏着的每一份记录。"
DEED_MOVES,"The Whole Art","Всё искусство","Усе мистецтво","技艺尽得"
DEED_MOVES_DESC,"Pull off every move the sword knows.","Исполнить каждый приём, какой знает меч.","Виконати кожен прийом, який знає меч.","使出剑所知的每一招。"
DEED_PARRIES,"Not Today","Не сегодня","Не сьогодні","今日不行"
DEED_PARRIES_DESC,"Parry fifty blows.","Парировать пятьдесят ударов.","Парирувати п'ятдесят ударів.","格挡五十次攻击。"
DEED_RIPOSTES,"Answered","Ответ","Відповідь","回敬"
DEED_RIPOSTES_DESC,"Answer twenty-five parries with a riposte.","Ответить рипостом на двадцать пять парирований.","Відповісти ріпостом на двадцять п'ять парирувань.","以还击回应二十五次格挡。"
DEED_BACKSTABS,"Unseen","Незримый","Незримий","无形"
DEED_BACKSTABS_DESC,"Strike twenty-five of them before they know you are there.","Ударить двадцать пять из них прежде, чем они тебя заметят.","Вдарити двадцять п'ять із них раніше, ніж вони тебе помітять.","在二十五个敌人察觉你之前出手。"
DEED_UNSCATHED,"Untouched","Нетронутый","Недоторканий","毫发无伤"
DEED_UNSCATHED_DESC,"Clear thirty rooms without a wound.","Очистить тридцать комнат без единой раны.","Очистити тридцять кімнат без жодної рани.","无伤清理三十个房间。"
DEED_RESTED,"Kneel","Преклонись","Схились","跪下"
DEED_RESTED_DESC,"Rest at an altar five times.","Отдохнуть у алтаря пять раз.","Відпочити біля вівтаря п'ять разів.","在祭坛前歇息五次。"
DLG_CH1_HABIT_ELIAN_GRACE,"Light again, before my eyes were open. It has started waiting for me.","Снова свет — раньше, чем я открыл глаза. Он начал меня ждать.","Знову світло — раніше, ніж я розплющив очі. Воно почало мене чекати.","又是光——在我睁眼之前。它开始等我了。"
DLG_CH1_HABIT_ELIAN_TEMPTATION,"Something down there knew my name before I woke. It says it better every night.","Что-то внизу знало моё имя раньше, чем я проснулся. С каждой ночью оно произносит его увереннее.","Щось унизу знало моє ім'я раніше, ніж я прокинувся. З кожною ніччю воно вимовляє його певніше.","下面有什么东西，在我醒来之前就知道我的名字。它一夜比一夜念得更熟。"
DLG_CH1_HABIT_ELIAN_WILL,"No one came for me. Not from above, not from below. Good.","За мной никто не пришёл. Ни сверху, ни снизу. Хорошо.","По мене ніхто не прийшов. Ні згори, ні знизу. Добре.","没有谁来接我。上面没有，下面也没有。很好。"
DLG_CH1_HABIT_ANGEL_GRACE,"You keep reaching up. Reaching is not the same as being held.","Ты всё тянешься вверх. Тянуться — ещё не значит, что тебя держат.","Ти все тягнешся вгору. Тягнутися — ще не означає, що тебе тримають.","你总在向上伸手。伸手，不等于被托住。"
DLG_CH1_HABIT_ANGEL_TEMPTATION,"You smell of the other side. Night after night. I am counting, even if you are not.","От тебя пахнет другой стороной. Ночь за ночью. Я считаю, даже если ты — нет.","Від тебе пахне іншим боком. Ніч за ніччю. Я рахую, навіть якщо ти — ні.","你身上有另一边的气味。一夜又一夜。你不数，我数。"
DLG_CH1_HABIT_ANGEL_WILL,"Neither of us, again. You call it freedom. It is a door you keep refusing.","Опять ни нас, ни их. Ты зовёшь это свободой. Это дверь, в которую ты раз за разом не входишь.","Знову ні нас, ні їх. Ти звеш це свободою. Це двері, в які ти раз у раз не входиш.","又是两边都不选。你称之为自由。那只是一扇你一再拒绝走进的门。"
RES_WOKEN,"Resonance: %s","Созвучие: %s","Співзвуччя: %s","共鸣：%s"
RES_CHORUS,"Chorus","Хор","Хор","圣咏"
RES_CHORUS_DESC,"Three gifts of grace: a parry stops everyone near you for half a second.","Три дара благодати: парирование на полсекунды останавливает всех вокруг.","Три дари благодаті: парирування на пів секунди зупиняє всіх довкола.","三份恩典之赐：格挡使身边所有敌人停顿半秒。"
RES_RADIANT_HOST,"Radiant Host","Сияющее воинство","Сяйне воїнство","光明之军"
RES_RADIANT_HOST_DESC,"Five gifts of grace: the flask scorches those around you, and a clean room refills one.","Пять даров благодати: фляга обжигает тех, кто рядом, а чистая комната наполняет одну.","П'ять дарів благодаті: фляга обпікає тих, хто поруч, а чиста кімната наповнює одну.","五份恩典之赐：饮药时灼烧身边之敌，无伤清理房间可补满一瓶。"
RES_BLOODIED,"Bloodied","Окровавленный","Скривавлений","染血"
RES_BLOODIED_DESC,"Three gifts of temptation: after a wound, the next swing lands far harder.","Три дара искушения: после раны следующий удар бьёт куда сильнее.","Три дари спокуси: після рани наступний удар б'є значно сильніше.","三份诱惑之赐：受伤后，下一击威力大增。"
RES_DEVOURER,"Devourer","Пожиратель","Пожирач","吞噬者"
RES_DEVOURER_DESC,"Five gifts of temptation: on the brink, a critical blow heals; the dying fall faster.","Пять даров искушения: на краю гибели критический удар лечит; умирающие падают быстрее.","П'ять дарів спокуси: на межі загибелі критичний удар лікує; вмирущі падають швидше.","五份诱惑之赐：濒死时暴击可回血；垂死之敌倒得更快。"
RES_CUTTING_STRIDE,"Cutting Stride","Режущий шаг","Ріжучий крок","斩步"
RES_CUTTING_STRIDE_DESC,"Three gifts of will: the roll cuts whatever it passes through.","Три дара воли: кувырок режет всё, сквозь что проходит.","Три дари волі: перекид ріже все, крізь що проходить.","三份意志之赐：翻滚会斩开所经之处的一切。"
RES_UNBROKEN_LINE,"Unbroken Line","Несломленный строй","Незламний стрій","不断之线"
RES_UNBROKEN_LINE_DESC,"Five gifts of will: the finisher throws an arc, and the roll comes back sooner.","Пять даров воли: завершающий удар бросает дугу, а кувырок возвращается быстрее.","П'ять дарів волі: завершальний удар кидає дугу, а перекид повертається швидше.","五份意志之赐：终结一击会甩出剑弧，翻滚冷却更短。"
RES_THORNED_OATH,"Thorned Oath","Терновая клятва","Тернова клятва","荆棘之誓"
RES_THORNED_OATH_DESC,"Briar Mantle and Blood Pact: more of each blow goes back, and the wound makes the next swing hungrier.","Терновый плащ и Кровавый договор: больше каждого удара возвращается обратно, а рана делает следующий взмах злее.","Терновий плащ і Кривава угода: більше кожного удару повертається назад, а рана робить наступний замах злішим.","荆棘披风与血之契约：更多伤害被反弹，伤口让下一击更加凶狠。"
RES_LAST_RITES,"Last Rites","Последнее причастие","Останнє причастя","临终圣礼"
RES_LAST_RITES_DESC,"Executioner and Severing Arc: those on their knees do not get up.","Палач и Рассекающая дуга: стоящие на коленях уже не поднимутся.","Кат і Розтинальна дуга: ті, хто на колінах, уже не підведуться.","处刑人与断空之弧：跪倒者再也站不起来。"
RES_SHADOW_STEP,"Shadow Step","Шаг из тени","Крок із тіні","影步"
RES_SHADOW_STEP_DESC,"Knife in the Dark and Cutting Roll: a backstab gives the roll back at once.","Нож во тьме и Режущий перекат: удар в спину сразу возвращает кувырок.","Ніж у темряві й Різальний перекат: удар у спину одразу повертає перекид.","暗处之刃与斩击翻滚：背刺立即返还翻滚。"
RES_BULWARK,"Bulwark","Твердыня","Твердиня","壁垒"
RES_BULWARK_DESC,"Iron Vigil and Ward of the Nameless: one more blow absorbed in every room.","Железное бдение и Оберег Безымянного: в каждой комнате поглощается ещё один удар.","Залізне чування і Оберіг Безіменного: у кожній кімнаті поглинається ще один удар.","铁之守夜与无名者护符：每个房间多抵挡一次攻击。"
PAUSE_MAP,"Map","Карта","Мапа","地图"
PAUSE_CARRIED,"Gifts","Дары","Дари","恩赐"
CARRIED_TITLE,"What you carry tonight","Что вы несёте этой ночью","Що ви несете цієї ночі","今夜所携"
CARRIED_NEAR,"One gift away","В одном даре от созвучия","За один дар від співзвуччя","仅差一份恩赐"
CARRIED_NEAR_NEEDS,"Wakes with one more: %s","Пробудится ещё с одним: %s","Пробудиться ще з одним: %s","再得一份即醒：%s"
CARRIED_NONE,"Nothing yet. The night has given you nothing, or you have taken nothing.","Пока ничего. Ночь ещё ничего не дала — или вы ничего не взяли.","Поки нічого. Ніч ще нічого не дала — або ви нічого не взяли.","尚无一物。夜未曾给予，或你未曾接受。"
MAP_TITLE,"The way through the night","Путь через ночь","Шлях крізь ніч","穿越长夜之路"
MAP_HERE,"here","здесь","тут","此处"
MAP_LEGEND,"● walked   ○ ahead   × the way not taken   ✚ rest   † where you fell","● пройдено   ○ впереди   × путь, которым не пошёл   ✚ отдых   † где ты пал","● пройдено   ○ попереду   × шлях, яким не пішов   ✚ відпочинок   † де ти впав","● 已走过   ○ 前方   × 未走之路   ✚ 歇息处   † 你倒下之处"
SETTINGS_VIAL,"Vial of wrath","Чаша гнева","Чаша гніву","怒碗"
VIAL_NONE,"None","Нет","Немає","无"
VIAL_OPENED,"A dawn opens the next: %s (Settings)","Рассвет открыл следующую: %s (в настройках)","Світанок відкрив наступну: %s (у налаштуваннях)","黎明开启了下一只：%s（见设置）"
VIAL_1,"The First Vial","Первая чаша","Перша чаша","第一只怒碗"
VIAL_1_DESC,"A quarter of the possessed and the fallen rise as their elites. Ash ×1.25.","Четверть одержимых и падших встают элитой. Пепел ×1,25.","Чверть одержимих і полеглих встають елітою. Попіл ×1,25.","四分之一的附身者与堕落者以精英之姿复起。灰烬 ×1.25。"
VIAL_2,"The Second Vial","Вторая чаша","Друга чаша","第二只怒碗"
VIAL_2_DESC,"And one flask fewer. Ash ×1.5.","И одной флягой меньше. Пепел ×1,5.","І на одну флягу менше. Попіл ×1,5.","再少一瓶药。灰烬 ×1.5。"
VIAL_3,"The Third Vial","Третья чаша","Третя чаша","第三只怒碗"
VIAL_3_DESC,"And every blow against you a fifth harder. Ash ×1.75.","И каждый удар по тебе на пятую часть сильнее. Пепел ×1,75.","І кожен удар по тобі на п'яту частину сильніший. Попіл ×1,75.","每一次打在你身上的攻击再重五分之一。灰烬 ×1.75。"
VIAL_4,"The Fourth Vial","Четвёртая чаша","Четверта чаша","第四只怒碗"
VIAL_4_DESC,"And an altar gives back only half. Ash ×2.","И алтарь возвращает лишь половину. Пепел ×2.","І вівтар повертає лише половину. Попіл ×2.","祭坛只归还一半。灰烬 ×2。"
VIAL_5,"The Fifth Vial","Пятая чаша","П'ята чаша","第五只怒碗"
VIAL_5_DESC,"And they are harder to kill, and half of them rise as elites. Ash ×2.5.","И их труднее убить, и половина встаёт элитой. Пепел ×2,5.","І їх важче вбити, і половина встає елітою. Попіл ×2,5.","它们更难被杀死，半数以精英之姿复起。灰烬 ×2.5。"
DEED_VIAL_FIRST,"Poured Out","Излитая","Вилита","倾倒"
DEED_VIAL_FIRST_DESC,"See the dawn under the first vial of wrath.","Встретить рассвет под первой чашей гнева.","Зустріти світанок під першою чашею гніву.","在第一只怒碗之下迎来黎明。"
DEED_VIAL_LAST,"It Is Done","Совершилось","Звершилося","成了"
DEED_VIAL_LAST_DESC,"See the dawn under the fifth vial of wrath.","Встретить рассвет под пятой чашей гнева.","Зустріти світанок під п'ятою чашею гніву.","在第五只怒碗之下迎来黎明。"
SETTINGS_TEXT_SIZE,"Text size","Размер текста","Розмір тексту","文字大小"
TEXT_SIZE_NORMAL,"Normal","Обычный","Звичайний","正常"
TEXT_SIZE_LARGE,"Large","Крупный","Великий","大"
TEXT_SIZE_LARGEST,"Largest","Крупнее","Найбільший","特大"
SETTINGS_FLASHES,"Flashes","Вспышки","Спалахи","闪光"
FLASHES_FULL,"Full","Полные","Повні","完整"
FLASHES_REDUCED,"Reduced","Приглушённые","Приглушені","减弱"
MENU_RELIQUARY,"Reliquary","Реликварий","Релікварій","圣物匣"
RELIQUARY_TITLE,"The Reliquary","Реликварий","Релікварій","圣物匣"
RELIQUARY_ASH,"Ash in hand: %d","Пепла при себе: %d","Попелу при собі: %d","手中灰烬：%d"
RELIQUARY_COST,"%d Ash","%d пепла","%d попелу","%d 灰烬"
RELIQUARY_OWNED,"Yours","Твоя","Твоя","已得"
RELIQUARY_NEEDS,"After %s","После «%s»","Після «%s»","需先得%s"
PICKER_REROLL,"Deal again (%d)","Перетасовать (%d)","Перетасувати (%d)","重新发牌（%d）"
SETTINGS_BLOCK_TOGGLE,"Block by toggling","Блок переключением","Блок перемиканням","切换式格挡"
SETTINGS_GAME_SPEED,"Game speed","Скорость игры","Швидкість гри","游戏速度"
SETTINGS_GAME_SPEED_HINT,"The whole night slower, enemies and hero alike. Not online, not in the night of the day.","Вся ночь медленнее — и враги, и герой. Не действует онлайн и в ночь дня.","Уся ніч повільніша — і вороги, і герой. Не діє онлайн і в ніч дня.","整夜放慢，敌人与主角皆然。联机与每日之夜中无效。"
PICKER_REFUSE,"Refuse them all","Отказаться от всех","Відмовитися від усіх","尽数拒绝"
PICKER_REFUSE_HINT,"No gift tonight: a breath instead — some of your wounds close and a flask fills.","Без дара: лишь передышка — часть ран затянется, одна фляга наполнится.","Без дару: лише перепочинок — частина ран загоїться, одна фляга наповниться.","今夜不受恩赐：只得一口喘息——伤口愈合几分，一只药瓶重新斟满。"
RELIC_FLASK,"Pilgrim's Flask","Фляга паломника","Фляга прочанина","朝圣者之瓶"
RELIC_FLASK_DESC,"One more flask, every night.","Ещё одна фляга — каждую ночь.","Ще одна фляга — щоночі.","每夜多一瓶药。"
RELIC_SKIN,"Tempered Skin","Закалённая кожа","Загартована шкіра","淬炼之肤"
RELIC_SKIN_DESC,"10 more health, every night.","На 10 здоровья больше — каждую ночь.","На 10 здоров'я більше — щоночі.","每夜生命值 +10。"
RELIC_SCARS,"Old Scars","Старые шрамы","Старі шрами","旧伤疤"
RELIC_SCARS_DESC,"10 more again. The body remembers every rope.","Ещё 10. Тело помнит каждую верёвку.","Ще 10. Тіло пам'ятає кожну мотузку.","再 +10。身体记得每一根绳索。"
RELIC_WHETSTONE,"Whetstone","Точильный камень","Точильний камінь","磨刀石"
RELIC_WHETSTONE_DESC,"The sword starts a little sharper: +1 damage.","Меч с первой минуты чуть острее: +1 к урону.","Меч від першої хвилини трохи гостріший: +1 до шкоди.","剑一开始便更锋利：伤害 +1。"
RELIC_BOOTS,"Light Boots","Лёгкие сапоги","Легкі чоботи","轻靴"
RELIC_BOOTS_DESC,"The roll comes back a little sooner.","Кувырок возвращается чуть быстрее.","Перекид повертається трохи швидше.","翻滚冷却略短。"
RELIC_ROSARY,"Rosary","Чётки","Чотки","念珠"
RELIC_ROSARY_DESC,"Once a night, the gift cards may be dealt again.","Раз за ночь карты даров можно перетасовать.","Раз за ніч карти дарів можна перетасувати.","每夜一次，可重新发放赐福卡牌。"
RELIC_EARLY_DESC,"%s joins the gifts now, before its night comes.","%s входит в дары сейчас, не дожидаясь своей ночи.","%s входить у дари вже зараз, не чекаючи своєї ночі.","%s 现在就加入赐福，不必等到它的那一夜。"
SETTINGS_AUTO_ATTACK,"Auto attack","Автоатака","Автоатака","自动攻击"
MENU_DAILY,"Night of the day","Ночь дня","Ніч дня","今日之夜"
DAILY_TOOLTIP,"The same night for everyone today: the same gifts, %s, no relics, no saves.","Одна ночь на всех сегодня: те же дары, %s, без реликвий и сохранений.","Одна ніч на всіх сьогодні: ті самі дари, %s, без реліквій і збережень.","今天所有人的同一夜：相同的赐福，%s，无圣物，无存档。"
DAILY_STREAK,"%d days in a row","Дней подряд: %d","Днів поспіль: %d","连续 %d 天"
CHRONICLE_DAILY_STREAK,"Nights of the day in a row (now / best)","Ночей дня подряд (сейчас / лучшее)","Ночей дня поспіль (зараз / найкраще)","连续每日之夜（当前 / 最佳）"
DEED_DAILY_WEEK,"A Week of Nights","Неделя ночей","Тиждень ночей","七夜"
DEED_DAILY_WEEK_DESC,"Play the night of the day seven days in a row.","Сыграть ночь дня семь дней подряд.","Зіграти ніч дня сім днів поспіль.","连续七天进行每日之夜。"
DAILY_START,"Night of the day · %s","Ночь дня · %s","Ніч дня · %s","今日之夜 · %s"
DAILY_BEST,"Night of the day: today's best is area %d","Ночь дня: лучшее сегодня — локация %d","Ніч дня: найкраще сьогодні — локація %d","今日之夜：今日最佳为区域 %d"
DAILY_NEW_BEST,"Night of the day: your best today","Ночь дня: лучшее за сегодня","Ніч дня: найкраще за сьогодні","今日之夜：今日最佳"
ABILITY_BENEDICTION_NAME,"Benediction","Благословение","Благословення","祝祷"
ABILITY_BENEDICTION_DESC,"A special move that lands heals 4.","Особый приём, достигший цели, лечит на 4.","Особливий прийом, що влучив, лікує на 4.","命中的特殊招式回复 4 点生命。"
ABILITY_WATCHMANS_PATIENCE_NAME,"Watchman's Patience","Терпение стража","Терпіння вартового","守夜人的耐心"
ABILITY_WATCHMANS_PATIENCE_DESC,"The parry's moment lasts a little longer.","Миг парирования длится чуть дольше.","Мить парирування триває трохи довше.","格挡的时机稍长一些。"
ABILITY_CRUEL_OPENING_NAME,"Cruel Opening","Жестокий просвет","Жорстокий просвіт","残忍破绽"
ABILITY_CRUEL_OPENING_DESC,"A blow on an enemy winding up lands half again as hard.","Удар по врагу, который замахивается, сильнее наполовину.","Удар по ворогу, що замахується, сильніший наполовину.","攻击正在蓄力的敌人，伤害提高一半。"
ABILITY_QUICK_STUDY_NAME,"Quick Study","Быстрая наука","Швидка наука","速学"
ABILITY_QUICK_STUDY_DESC,"The cleave's charge fills 40% faster.","Рассечение заряжается на 40% быстрее.","Розсічення заряджається на 40% швидше.","劈斩的蓄力速度提高 40%。"
BESTIARY_CHRONICLE,"Chronicle","Летопись","Літопис","编年史"
CHRONICLE_TOTAL,"All the nights","Все ночи","Усі ночі","所有的夜"
CHRONICLE_NIGHT,"Night %d — %s","Ночь %d — %s","Ніч %d — %s","第 %d 夜 — %s"
CHRONICLE_DAWN,"dawn","рассвет","світанок","黎明"
CHRONICLE_AREA,"area %d","локация %d","локація %d","区域 %d"
CHRONICLE_NIGHTS,"Nights","Ночей","Ночей","夜数"
CHRONICLE_DAWNS,"Dawns","Рассветов","Світанків","黎明数"
CHRONICLE_FURTHEST,"Furthest area","Дальше всего","Найдалі","最远区域"
CHRONICLE_TIME,"In the night","В ночи","У ночі","夜中时长"
CHRONICLE_KILLS,"Laid to rest","Упокоено","Упокоєно","安息者"
CHRONICLE_LEANING,"Leaning most","Чаще всего","Найчастіше","最常倾向"
CHRONICLE_LEANED,"Leaned","Склонялась","Схилялася","倾向"
DLG_CH1_VIAL_1,"You came back for more. They are pouring it out slowly, so that you notice.","Ты вернулся за большим. Её льют медленно — чтобы ты заметил.","Ти повернувся по більше. Її ллють повільно — щоб ти помітив.","你回来要更多。他们倒得很慢——好让你察觉。"
DLG_CH1_VIAL_3,"Three vials. Heaven will run out of patience before you do.","Три чаши. У неба терпение кончится раньше, чем у тебя.","Три чаші. У неба терпіння скінчиться раніше, ніж у тебе.","三只碗了。天堂会比你先失去耐心。"
DLG_CH1_VIAL_5,"The fifth. After this one they will have to send something worse than me.","Пятая. После неё им придётся прислать кого-то хуже меня.","П'ята. Після неї їм доведеться надіслати когось гіршого за мене.","第五只。在这之后，他们只能派来比我更糟的东西了。"
RES_MERCYS_EDGE,"Mercy's Edge","Острие милосердия","Вістря милосердя","慈悲之刃"
RES_MERCYS_EDGE_DESC,"Benediction and Cruel Opening: a move that catches a wind-up heals more, and cuts deeper.","Благословение и Жестокий просвет: приём, пойманный на замахе, лечит больше и режет глубже.","Благословення і Жорстокий просвіт: прийом, що влучив у замах, лікує більше й ріже глибше.","祝祷与残忍破绽：抓住蓄力破绽的招式回复更多，斩得更深。"
RES_STEADY_HAND,"Steady Watch","Твёрдый дозор","Твердий дозор","稳守"
RES_STEADY_HAND_DESC,"Quick Study and Watchman's Patience: a parry stops those near you, and the cleave comes sooner still.","Быстрая наука и Терпение стража: парирование останавливает тех, кто рядом, а рассечение заряжается ещё быстрее.","Швидка наука і Терпіння вартового: парирування зупиняє тих, хто поруч, а розсічення заряджається ще швидше.","速学与守夜人的耐心：格挡使身边之敌停顿，劈斩蓄力更快。"
ENEMY_ELITE_CULTIST,"Zealot Brother","Брат-фанатик","Брат-фанатик","狂信兄弟"
ENEMY_ELITE_CULTIST_LORE,"He took the knife from the altar himself and has not put it down since. When the litany is not enough, he runs at you to finish it.","Он сам взял нож с алтаря и с тех пор не выпускает его из рук. Когда литании мало, он бросается вперёд, чтобы договорить её клинком.","Він сам узяв ніж із вівтаря і відтоді не випускає його з рук. Коли літанії замало, він кидається вперед, щоб договорити її клинком.","他亲手从祭坛上取下了刀，从此再未放下。当祷文不够时，他便冲上前来，用刀刃把它念完。"
CHEST_CURSED_PROMPT,"Open — cursed for %d foes","Открыть — проклятие на %d врагов","Відкрити — прокляття на %d ворогів","开启——诅咒随身，直至%d敌倒下"
CURSE_TAKEN,"Cursed: %d","Проклят: %d","Проклятий: %d","受诅：%d"
CURSE_LIFTED,"The curse lifts","Проклятие снято","Прокляття знято","诅咒散去"
HUD_CURSE,"Cursed — wounds ×2 · %d foes","Проклят — раны ×2 · врагов: %d","Проклятий — рани ×2 · ворогів: %d","受诅——伤痛×2 · 尚余%d敌"
DEED_CURSED,"Paid in Blood","Уплачено кровью","Сплачено кров'ю","以血偿还"
DEED_ASCETIC,"The Ascetic","Аскет","Аскет","苦修者"
DEED_ASCETIC_DESC,"Refuse ten hands of gifts.","Отказаться от даров десять раз.","Відмовитися від дарів десять разів.","拒绝恩赐十次。"
DEED_SWIFT,"Swift Judgment","Скорый суд","Швидкий суд","速审"
DEED_SWIFT_DESC,"Lay the Blind Preacher and the Knight of Ash low within 45 seconds each, the Ophanim within 90.","Сразить Слепого Проповедника и Рыцаря Пепла меньше чем за 45 секунд каждого, Офанима — за 90.","Здолати Сліпого Проповідника й Лицаря Попелу менш ніж за 45 секунд кожного, Офаніма — за 90.","四十五秒内各自击倒盲眼传道者与灰烬骑士，九十秒内击倒欧法宁。"
DEED_CURATOR,"Keeper of Relics","Хранитель реликвий","Охоронець реліквій","圣物守护者"
DEED_CURATOR_DESC,"Find every item at least once.","Найти каждый предмет хотя бы раз.","Знайти кожен предмет хоча б раз.","每件物品至少寻得一次。"
DEED_BLOOD_TITHE,"The Blood Tithe","Кровавая десятина","Кривава десятина","血之什一"
DEED_BLOOD_TITHE_DESC,"Pay a blood altar's price five times.","Пять раз заплатить цену кровавого алтаря.","П'ять разів заплатити ціну кривавого вівтаря.","五次付出血之祭坛的代价。"
DEED_ELITE_HUNTER,"Hunter of the Chosen","Охотник на избранных","Мисливець на обраних","猎杀天选者"
DEED_ELITE_HUNTER_DESC,"Lay twenty-five elites low.","Сразить двадцать пять элитных врагов.","Здолати двадцять п'ять елітних ворогів.","击倒二十五名精英。"
DEED_EVERY_FACE,"Every Face of the Chosen","Все лики избранных","Усі лики обраних","天选者的万般面目"
DEED_EVERY_FACE_DESC,"Beat an elite in every affix it can rise with.","Победить элиту с каждым свойством, с каким она может восстать.","Перемогти еліту з кожною властивістю, з якою вона може повстати.","击败带有每一种词缀的精英。"
DEED_CURSED_DESC,"Open a cursed chest and live until its curse lifts.","Открыть проклятый сундук и дожить, пока проклятие не спадёт.","Відкрити прокляту скриню й дожити, доки прокляття не спаде.","开启一只受诅的箱子，并活到诅咒散去。"
RUN_SLAIN_BY,"Laid low by: %s","Сражён: %s","Повалений: %s","倒于：%s"
SLAIN_AFFIXED,"%s (%s)","%s — %s","%s — %s","%s（%s）"
RUN_LAST_BLOWS,"Last blows: %s","Последние удары: %s","Останні удари: %s","最后几击：%s"
RUN_DEEDS_TONIGHT,"Deeds tonight: %s","Деяния этой ночи: %s","Діяння цієї ночі: %s","今夜功绩：%s"
RUN_NUMBERS,"Dealt %d · heaviest blow %d · taken %d · parries %d","Нанесено %d · сильнейший удар %d · получено %d · парирований %d","Завдано %d · найсильніший удар %d · отримано %d · парирувань %d","造成 %d · 最重一击 %d · 承受 %d · 招架 %d"
CHRONICLE_DEALT,"Damage dealt","Нанесено урона","Завдано шкоди","造成伤害"
CHRONICLE_TAKEN,"Damage taken","Получено урона","Отримано шкоди","承受伤害"
CHRONICLE_PARRIES,"Parries","Парирования","Парирування","招架"
SLAIN_LAVA,"the burning ground","горящая земля","палаюча земля","焚地"
SLAIN_FALL,"the drop into the dark","падение во тьму","падіння в темряву","坠入黑暗"
BESTIARY_FELLED,"Laid you low","Сразил вас","Повалив вас","击倒你"
BESTIARY_BEST_TIME,"Best fight","Лучший бой","Найкращий бій","最快一战"
BESTIARY_AFFIXES,"Beaten as","Побеждён как","Переможений як","曾被击败之相"
CHRONICLE_SLAIN_BY,"Laid low by","Сражён","Повалений","倒于"
TIP_POSSESSED_VILLAGER,"It swings late and short. Wait for the lean, then step in behind the blow.","Бьёт поздно и коротко. Дождись замаха — и шагни внутрь, за удар.","Б'є пізно й коротко. Дочекайся замаху — і ступи всередину, за удар.","它出手迟、够得短。等它扬手，再贴进它的挥击之后。"
TIP_ELITE_POSSESSED,"It bursts a breath after it falls. Land the last blow, then roll away.","Взрывается через миг после смерти. Добей — и откатись.","Вибухає за мить після смерті. Добий — і відкотися.","它倒下片刻便会炸开。补上最后一击，随即翻滚躲开。"
TIP_CULTIST,"The knife is quick but near. Block from the front, or come at a back that has not seen you.","Нож быстрый, но короткий. Блокируй спереди или зайди со спины, пока не заметил.","Ніж швидкий, але короткий. Блокуй спереду або зайди зі спини, поки не помітив.","刀快而短。正面格挡，或趁它未察觉时绕到背后。"
TIP_ELITE_CULTIST,"When it crouches far away, the rush is coming. Roll through it; a block alone will not hold the ground.","Если пригнулся вдалеке — сейчас бросится. Перекатись сквозь рывок, один блок не удержит.","Якщо пригнувся здалеку — зараз кинеться. Перекотися крізь ривок, сам блок не втримає.","它在远处伏身，便是要冲来了。翻滚穿过冲锋，单靠格挡挡不住。"
TIP_CULT_CALLER,"It calls others and stays back. Cut through to it first, and the calling stops.","Зовёт других и держится позади. Прорвись к нему первым — и зов умолкнет.","Кличе інших і тримається позаду. Прорвися до нього першим — і поклик стихне.","它召唤同伙、躲在后方。先杀到它面前，召唤便止。"
TIP_ZEALOT,"Its bolt starts slow and gathers speed. Close the gap while it is still drawing.","Его снаряд начинает медленно и разгоняется. Сокращай дистанцию, пока он ещё тянет руку.","Його снаряд починає повільно й розганяється. Скорочуй відстань, поки він ще тягне руку.","它的光弹起初缓慢，越飞越快。趁它还在蓄力，拉近距离。"
TIP_RAVEN,"It dives in a straight line. Step aside or roll under, and strike as it climbs back.","Пикирует по прямой. Отступи в сторону или поднырни перекатом — и бей, пока набирает высоту.","Пікірує по прямій. Відступи вбік або пірни перекатом — і бий, поки набирає висоту.","它直线俯冲。侧身或翻滚躲过，趁它爬升时出手。"
TIP_SHADE,"It keeps close and dives often. A jump and a swing in the air reach it.","Держится близко и часто бросается. Прыжок и удар в воздухе достанут его.","Тримається близько й часто кидається. Стрибок і удар у повітрі дістануть його.","它贴得近、扑得勤。跳起在空中挥砍便能够到它。"
TIP_WRAITH,"Its bolt sways as it flies. Do not run from it: roll through, then climb to it.","Её снаряд петляет в полёте. Не убегай — перекатись сквозь и поднимись к ней.","Її снаряд петляє в польоті. Не тікай — перекотися крізь і піднімися до неї.","它的光弹飞行时摇摆不定。别逃，翻滚穿过，再攀上去找它。"
TIP_FALLEN_GUARD,"Slow and armoured, but every swing is long in coming. Parry it, and answer.","Медленный и в броне, но каждый замах долог. Парируй — и отвечай.","Повільний і в обладунку, але кожен замах довгий. Парируй — і відповідай.","迟缓而披甲，但每一击都蓄势良久。招架，然后还手。"
TIP_FALLEN_CHAMPION,"Its reach is longer than yours. Bait the swing from outside it, then go in.","Его досягаемость длиннее твоей. Выманивай удар с дистанции — и входи после.","Його досяжність довша за твою. Виманюй удар здалеку — і заходь після.","它的攻击范围比你长。在它够不着处引它出手，再欺身而上。"
TIP_PREACHER_ACOLYTE,"Three lights in a fan, then the censer up close. Keep moving between them.","Три огня веером, потом кадило вблизи. Не стой на месте между ними.","Три вогні віялом, потім кадило зблизька. Не стій на місці між ними.","先是扇形的三团光，近身再挥香炉。在两者之间不停走动。"
TIP_BLIND_PREACHER,"He cannot see, but he hears. The slowest swing is the heaviest: roll away from that one, parry the rest.","Он не видит, но слышит. Самый медленный замах — самый тяжёлый: от него откатись, остальные парируй.","Він не бачить, але чує. Найповільніший замах — найважчий: від нього відкотися, решту парируй.","他看不见，却听得见。最慢的一击最重：那一下翻滚躲开，其余招架。"
TIP_KNIGHT_OF_ASH,"He fights at every distance. When he lowers his blade far off, the charge is coming: roll through it.","Он бьётся на любой дистанции. Опустил клинок издалека — сейчас будет натиск: перекатись сквозь.","Він б'ється на будь-якій відстані. Опустив клинок здалеку — зараз буде натиск: перекотися крізь.","他远近皆能交锋。远处垂剑，便是要冲锋了：翻滚穿过。"
TIP_OPHANIM,"When its eyes close, break the three seals before it opens them. The long beam warns longest: leave its line.","Когда глаза закрыты, разбей три печати, пока он их не открыл. Длинный луч предупреждает дольше всего: уйди с его линии.","Коли очі заплющені, розбий три печаті, поки він їх не розплющив. Довгий промінь попереджає найдовше: зійди з його лінії.","它闭眼时，抢在睁眼前击碎三道封印。长光束预兆最久：离开它的轨迹。"
TIP_LAVA,"Burning ground hurts through a roll. Watch where you land.","Горящая земля жжёт и сквозь перекат. Смотри, куда приземляешься.","Палаюча земля пече і крізь перекат. Дивися, куди приземляєшся.","焚地连翻滚也挡不住。看清落脚之处。"
TIP_FALL,"Nothing below the edge holds you. A wall can: hold into it to slow the fall.","Под краем ничто не удержит. Стена — удержит: прижмись к ней, чтобы замедлить падение.","Під краєм ніщо не втримає. Стіна — втримає: притиснися до неї, щоб сповільнити падіння.","边缘之下无物承托。墙可以：贴住它，减缓坠落。"
TIP_LABEL,"Advice","Совет","Порада","提示"
RUN_SPAR,"Spar with it: %s","На тренировку: %s","На тренування: %s","去练武场：%s"
OMEN_BLOOD_MOON,"Blood Moon","Кровавая луна","Кривавий місяць","血月"
OMEN_BLOOD_MOON_DESC,"Every blow against you lands harder; the dead give more essence.","Удары по тебе тяжелее; мёртвые отдают больше эссенции.","Удари по тобі важчі; мертві віддають більше есенції.","落在你身上的每一击都更重；亡者献出更多精魄。"
OMEN_HEAVY_EARTH,"Heavy Earth","Тяжёлая земля","Важка земля","沉土"
OMEN_HEAVY_EARTH_DESC,"The dead are slow to fall again; the night pays more Ash.","Мёртвые неохотно падают снова; ночь платит больше пепла.","Мертві неохоче падають знову; ніч платить більше попелу.","亡者难以再度倒下；今夜赐下更多灰烬。"
OMEN_PROCESSION,"The Procession","Шествие","Хода","游行"
OMEN_PROCESSION_DESC,"Some rise as their elites; the dead give more essence.","Иные встают своими избранными; мёртвые отдают больше эссенции.","Деякі встають своїми обраними; мертві віддають більше есенції.","有些亡者以精锐之姿复起；亡者献出更多精魄。"
OMEN_THIN_VEIL,"Thin Veil","Тонкая завеса","Тонка завіса","薄纱"
OMEN_THIN_VEIL_DESC,"One more flask at your belt; every blow against you lands harder.","Ещё одна фляга на поясе; удары по тебе тяжелее.","Ще одна фляга на поясі; удари по тобі важчі.","腰间多一只药瓶；落在你身上的每一击都更重。"
OMEN_DRY_ALTARS,"Dry Altars","Сухие алтари","Сухі вівтарі","干涸的祭坛"
OMEN_DRY_ALTARS_DESC,"An altar gives back only half; the night pays more Ash.","Алтарь возвращает лишь половину; ночь платит больше пепла.","Вівтар повертає лише половину; ніч платить більше попелу.","祭坛只归还一半；今夜赐下更多灰烬。"
OMEN_START,"Omen of the night: %s — %s","Знамение ночи: %s — %s","Знамення ночі: %s — %s","今夜之兆：%s——%s"
AFFIX_IRONCLAD,"Ironclad","Окованный","Окутий","铁甲"
AFFIX_SWIFT,"Swift","Стремительный","Стрімкий","迅疾"
AFFIX_BRUTAL,"Brutal","Свирепый","Лютий","凶暴"
AFFIX_ENDURING,"Enduring","Стойкий","Стійкий","坚韧"
OMEN_LABEL,"Omen","Знамение","Знамення","征兆"
ENEMY_ELDER_WRAITH,"Elder spirit","Старший дух","Старший дух","长魂"
ENEMY_ELDER_WRAITH_LORE,"The first of the village to be told to wait. The others gather to it as to a priest, and when it cries out, they cry with it.","Первый в деревне, кому велели ждать. Остальные тянутся к нему, как к священнику, и когда он кричит — кричат с ним.","Перший у селі, кому веліли чекати. Решта тягнеться до нього, як до священника, і коли він кричить — кричать із ним.","村里第一个被告知要等待的人。其余的魂聚向它，如同聚向神父；它一哀号，众魂便随之哀号。"
TIP_ELDER_WRAITH,"Its long cry throws three lights in a fan: slip between them or roll through. Then climb to it before the next.","Долгий крик бросает три огня веером: проскользни между ними или перекатись. Потом поднимись к нему до следующего.","Довгий крик кидає три вогні віялом: прослизни між ними або перекотися. Потім піднімися до нього до наступного.","它的长啸会呈扇形抛出三团光：从缝隙间穿过或翻滚躲开。趁下一次之前攀上去找它。"
ABILITY_COVETOUS_EYE_NAME,"Covetous Eye","Алчный взгляд","Жадібний погляд","贪婪之眼"
ABILITY_COVETOUS_EYE_DESC,"A chest that holds a common item holds a rare one half the time.","Сундук с обычным предметом в половине случаев хранит редкий.","Скриня зі звичайним предметом у половині випадків зберігає рідкісний.","装有普通物品的箱子，有一半的几率装着稀有物品。"
ABILITY_ABSOLUTION_NAME,"Absolution","Отпущение","Відпущення","赦免"
ABILITY_ABSOLUTION_DESC,"A curse owed lifts twice as fast: every death takes two off.","Проклятие спадает вдвое быстрее: каждая смерть снимает два.","Прокляття спадає вдвічі швидше: кожна смерть знімає два.","所欠的诅咒以两倍速度消散：每次死亡抵消两次。"
ABILITY_TROPHY_HUNTER_NAME,"Trophy Hunter","Охотник за трофеями","Мисливець за трофеями","猎取战利品者"
ABILITY_TROPHY_HUNTER_DESC,"+25% damage to elites and bosses.","+25% урона по элитным врагам и боссам.","+25% шкоди елітним ворогам і босам.","对精英与首领的伤害 +25%。"
ABILITY_ACCURSED_STRENGTH_NAME,"Accursed Strength","Сила проклятого","Сила проклятого","受诅之力"
ABILITY_ACCURSED_STRENGTH_DESC,"While a cursed chest's price is owed, your blows land 40% harder.","Пока цена проклятого сундука не уплачена, твои удары сильнее на 40%.","Поки ціну проклятої скрині не сплачено, твої удари сильніші на 40%.","受诅箱子的代价未偿清之时，你的攻击伤害提高40%。"
DEED_OMEN_DAWN,"Under a Bad Sky","Под дурным небом","Під лихим небом","恶天之下"
DEED_OMEN_DAWN_DESC,"See the dawn on a night drawn under an omen.","Дожить до рассвета в ночь под знамением.","Дожити до світанку в ніч під знаменням.","在有征兆的夜里活到黎明。"
SETTINGS_OMENS,"Omens","Знамения","Знамення","征兆"
BESTIARY_OMENS,"Omens","Знамения","Знамення","征兆"
BESTIARY_HINT_OMEN,"No night has been drawn under this omen yet.","Ещё ни одна ночь не прошла под этим знамением.","Ще жодна ніч не минула під цим знаменням.","尚无一夜在此征兆下度过。"
LAST_FALL,"You fell here last night.","Здесь ты пал прошлой ночью.","Тут ти впав минулої ночі.","昨夜你倒在此处。"
LAST_FALL_BY,"You fell here last night: %s.","Здесь ты пал прошлой ночью: %s.","Тут ти впав минулої ночі: %s.","昨夜你倒在此处：%s。"
DLG_CH1_LAST_FALL_GRACE,"One more I could not keep. This time it was me.","Ещё один, кого я не уберёг. На этот раз — я сам.","Ще один, кого я не вберіг. Цього разу — я сам.","又一个我没能护住的人。这一次，是我自己。"
DLG_CH1_LAST_FALL_TEMPTATION,"This is where last night's hunger led. Let us see how far tonight's goes.","Вот куда меня завёл вчерашний голод. Посмотрим, куда заведёт сегодняшний.","Ось куди мене завів учорашній голод. Подивимось, куди заведе сьогоднішній.","这就是昨夜的饥渴把我带到的地方。看看今夜的能走多远。"
DLG_CH1_LAST_FALL_WILL,"The same stone. The same me. Only now I know where the blow comes from.","Тот же камень. Тот же я. Только теперь я знаю, откуда придёт удар.","Той самий камінь. Той самий я. Тільки тепер я знаю, звідки прийде удар.","同一块石头，同一个我。只是如今我知道那一击从何而来。"
RES_PENANCE,"Penance","Покаяние","Покаяння","苦修"
RES_PENANCE_DESC,"Accursed Strength and Mending Light: each enemy that falls heals a little more, and the curse cuts a little deeper.","Сила проклятого и Исцеляющий свет: каждый павший враг лечит чуть больше, а проклятие режет чуть глубже.","Сила проклятого та Зцілююче світло: кожен полеглий ворог лікує трохи більше, а прокляття ріже трохи глибше.","受诅之力与愈合之光：每倒下一个敌人回复更多，诅咒也斩得更深。"
DLG_CRONE_OMEN_BLOOD_MOON,"See the moon? Red as a slaughter-yard. The dead hit harder under it, boy — and give up more of what they hold.","Видишь луну? Красная, как бойня. Под ней мёртвые бьют злее, мальчик, — и больше отдают из того, что держат.","Бачиш місяць? Червоний, як бойня. Під ним мертві б'ють лютіше, хлопче, — і більше віддають із того, що тримають.","看见那月亮了吗？红得像屠场。在它底下，死人下手更狠，孩子——可交出来的也更多。"
DLG_CRONE_OMEN_HEAVY_EARTH,"The ground is heavy tonight. They will not lie down easy. But the ash will pay you for the trouble.","Земля сегодня тяжёлая. Ложиться они будут неохотно. Зато пепел заплатит тебе за труды.","Земля сьогодні важка. Лягати вони будуть неохоче. Зате попіл заплатить тобі за труди.","今夜的土很沉。他们不肯轻易躺下。不过灰烬会补偿你的辛劳。"
DLG_CRONE_OMEN_PROCESSION,"Hear the bells? A procession. The worst of them walk at the front tonight. Count the dead you take — they are worth more.","Слышишь колокола? Шествие. Худшие из них сегодня идут впереди. Считай, кого кладёшь, — они стоят дороже.","Чуєш дзвони? Хода. Найгірші з них сьогодні йдуть попереду. Рахуй, кого кладеш, — вони коштують дорожче.","听见钟声了吗？是游行。今夜最凶的走在前头。数着你放倒的——他们更值钱。"
DLG_CRONE_OMEN_THIN_VEIL,"The veil is thin. Something slipped you another flask, I can smell it. Something will want it back.","Завеса тонкая. Кто-то сунул тебе лишнюю флягу, я чую. Кто-то захочет её назад.","Завіса тонка. Хтось підсунув тобі зайву флягу, я чую. Хтось захоче її назад.","帷幕很薄。有什么塞给了你一只多余的药瓶，我闻得出来。也会有什么想把它要回去。"
DLG_CRONE_OMEN_DRY_ALTARS,"The altars are dry tonight. Kneel all you like, they will give you half. The other half is in the ash.","Алтари сегодня сухие. Хоть все колени сотри — дадут половину. Другая половина — в пепле.","Вівтарі сьогодні сухі. Хоч усі коліна зітри — дадуть половину. Друга половина — у попелі.","今夜的祭坛干涸。你跪破膝盖也只给一半。另一半在灰烬里。"
PROP_BLOOD_ALTAR,"Cut your hand over it","Порезать ладонь над чашей","Порізати долоню над чашею","在其上割破手掌"
BLOOD_PRICE,"The altar asks %d%% of your life, for the rest of the night","Алтарь просит %d%% вашей жизни — до конца ночи","Вівтар просить %d%% вашого життя — до кінця ночі","祭坛索取你 %d%% 的生命，直至今夜结束"
BLOOD_WITHDRAWN,"You withdraw your hand. Nothing is taken.","Вы отдёргиваете руку. Ничего не взято.","Ви відсмикуєте руку. Нічого не взято.","你抽回了手。什么也没有被取走。"
PROP_READ_BOOK,"Read the book","Прочесть книгу","Прочитати книгу","翻阅此书"
NOTE_CONDEMNED_BOOK,"The book beneath the altar","Книга под алтарём","Книга під вівтарем","祭坛下的书"
DLG_NOTE_BOOK_1,"A ledger of the condemned. An even hand, not one blot — the way one writes who never doubts.","Книга осуждённых. Ровный почерк, ни одной помарки — так пишет тот, кто не сомневается.","Книга засуджених. Рівний почерк, жодної помарки — так пише той, хто не сумнівається.","一本定罪者的名册。字迹端正，没有一处涂改——这是从不怀疑之人的笔迹。"
DLG_NOTE_BOOK_2,"Names, and more names. The miller. The widow from the mill road. Two children with no names at all — only ""Hanna's orphans"".","Имена, ещё имена. Мельник. Вдова с мельничной дороги. Двое детей вовсе без имён — только «сироты Ганны».","Імена, ще імена. Мельник. Вдова з млинової дороги. Двоє дітей зовсім без імен — лише «сироти Ганни».","名字，一个接一个。磨坊主。磨坊路上的寡妇。两个孩子连名字都没有——只写着“汉娜的孤儿”。"
DLG_NOTE_BOOK_3,"The last line is fresh, in red: Elian. No sin against the name, no fault. Only a date — the night of the rope.","Последняя строка — свежая, красными чернилами: Элиан. Против имени ни греха, ни вины. Только дата — ночь верёвки.","Останній рядок — свіжий, червоним чорнилом: Еліан. Навпроти імені ні гріха, ні провини. Лише дата — ніч мотузки.","最后一行墨迹尚新，是红色的：埃里安。名字旁没有罪，也没有过错。只有一个日期——绳索的那一夜。"
DLG_NOTE_BOOK_4,"Someone wrote me down before I had done anything to be written down for.","Кто-то вписал меня раньше, чем я успел сделать хоть что-то, за что вписывают.","Хтось вписав мене раніше, ніж я встиг зробити бодай щось, за що вписують.","有人在我做出任何该被记下的事之前，就把我写了进去。"
DLG_CH1_FINALE_BOOK,"I read your book. My name is in it, in red, before any judgement. Whose hand was that?","Я читал твою книгу. Моё имя там — красным, раньше всякого суда. Чья это рука?","Я читав твою книгу. Моє ім'я там — червоним, раніше за будь-який суд. Чия це рука?","我读过你的书。我的名字写在里面，红色的，早于任何审判。那是谁的手？"
DLG_CH1_FINALE_BOOK_ANSWER,"You held it in your own hands and still you ask me? I am the scales. The ink is not mine.","Ты держал её в своих руках — и всё ещё спрашиваешь меня? Я — весы. Чернила не мои.","Ти тримав її у своїх руках — і досі питаєш мене? Я — терези. Чорнило не моє.","你亲手捧过它，却还来问我？我只是天平。墨不是我的。"
DLG_MATTHEW_BOOK,"You opened it. I can see it on you. Then you have seen the last line too.","Ты её открыл. Это видно по тебе. Значит, видел и последнюю строку.","Ти її відкрив. Це видно по тобі. Отже, бачив і останній рядок.","你打开过它了。我从你身上看得出来。那你也看到最后一行了。"
DLG_MATTHEW_BOOK_2,"The red one is not my hand. I copied every name in that book but yours. Yours was there when I came to it.","Красная — не моя рука. Я переписал в эту книгу каждое имя, кроме твоего. Твоё уже было там, когда я её открыл.","Червоний — не моя рука. Я переписав у цю книгу кожне ім'я, крім твого. Твоє вже було там, коли я її відкрив.","红色那行不是我的笔迹。那本书里的每个名字都是我抄的，唯独你的不是。我翻开它时，你的名字已经在那里了。"
DLG_MATTHEW_BLOOD,"Show me your hand. No — the other one. You fed the old font in the graves.","Покажи руку. Нет, другую. Ты кормил старую чашу на кладбище.","Покажи руку. Ні, іншу. Ти годував стару чашу на цвинтарі.","把手给我看。不——另一只。你喂过墓地里那口古老的圣池。"
DLG_MATTHEW_BLOOD_2,"It gives what it promises. It only never says what it keeps. Whatever it took from you tonight, it keeps until dawn.","Она даёт, что обещает. Только никогда не говорит, что оставляет себе. То, что она взяла у тебя этой ночью, она не отдаст до рассвета.","Вона дає, що обіцяє. Тільки ніколи не каже, що лишає собі. Те, що вона взяла в тебе цієї ночі, вона не віддасть до світанку.","它给出它许诺的。只是从不说它留下了什么。今夜它从你身上拿走的，黎明之前都不会归还。"
SETTINGS_DAMAGE_NUMBERS,"Damage numbers","Числа урона","Числа шкоди","伤害数字"
ABILITY_TOLLING_BELL_NAME,"Tolling Bell","Набат","Набат","丧钟"
ABILITY_TOLLING_BELL_DESC,"Skill: a bell struck in your chest. Everyone near is hurt a little and stops where they stand.","Умение: колокол, ударивший в груди. Все рядом получают немного урона и замирают на месте.","Уміння: дзвін, що вдарив у грудях. Усі поруч отримують трохи шкоди й завмирають на місці.","技能：胸中敲响一口钟。身边所有敌人受轻伤，并原地僵住。"
ABILITY_HEX_OF_ASHES_NAME,"Hex of Ashes","Пепельная порча","Попеляста порча","灰烬咒"
ABILITY_HEX_OF_ASHES_DESC,"Skill: the nearest enemy in front is hexed — for five seconds every blow it takes lands half again as hard.","Умение: ближайший враг впереди проклят — пять секунд любой удар по нему сильнее наполовину.","Уміння: найближчий ворог попереду проклятий — п'ять секунд будь-який удар по ньому сильніший наполовину.","技能：对前方最近的敌人下咒——五秒内它受到的每一击伤害提高一半。"
ABILITY_UNBROKEN_STRIDE_NAME,"Unbroken Stride","Неудержимый шаг","Нестримний крок","不屈之步"
ABILITY_UNBROKEN_STRIDE_DESC,"Skill: a stride forward faster than the eye, cutting everything in the way; a wall stops it.","Умение: шаг вперёд быстрее взгляда, рассекающий всё на пути; остановит его только стена.","Уміння: крок уперед швидший за погляд, що розтинає все на шляху; зупинить його лише стіна.","技能：快过目光的一步向前，斩开沿途一切；唯有墙壁能挡住它。"
OMEN_FEN_MIST,"Fen Mist","Болотный туман","Болотяний туман","沼雾"
OMEN_FEN_MIST_DESC,"The dead see far less in the mist; those that do see you hit harder.","В тумане мёртвые видят куда хуже; те, что всё же заметят, бьют сильнее.","У тумані мертві бачать значно гірше; ті, що все ж помітять, б'ють сильніше.","雾中亡者目力大减；可一旦看见你，下手更重。"
OMEN_RESTLESS_SAINTS,"Restless Saints","Беспокойные святые","Неспокійні святі","不宁的圣徒"
OMEN_RESTLESS_SAINTS_DESC,"The gifts that act return a third sooner; the dead are slower to fall.","Дары-умения возвращаются на треть быстрее; мёртвые падают неохотнее.","Дари-вміння повертаються на третину швидше; мертві падають неохотніше.","主动之赐冷却快三分之一；亡者更难倒下。"
DLG_CRONE_OMEN_FEN_MIST,"Mist off the fen tonight. They will not see you coming — but the ones that do will not be gentle.","Туман с топи. Тебя не увидят, пока не подойдёшь, — но кто увидит, тот жалеть не станет.","Туман із трясовини. Тебе не побачать, доки не підійдеш, — та хто побачить, той не пожаліє.","今夜沼上起雾。他们看不见你走近——可看见你的，不会手软。"
DLG_CRONE_OMEN_RESTLESS_SAINTS,"The saints are restless. Whatever they gave you will come back to your hand quicker. They will want something for it.","Святые беспокойны. Что бы они тебе ни дали — вернётся в руку быстрее. Они захотят за это плату.","Святі неспокійні. Що б вони тобі не дали — повернеться до руки швидше. Вони захочуть за це плату.","圣徒们不得安宁。他们给你的东西会更快回到你手里。他们会要回报的。"
RES_STRUCK_BELL,"The Struck Bell","Ударенный колокол","Ударений дзвін","被敲响的钟"
RES_STRUCK_BELL_DESC,"Tolling Bell and Iron Vigil: a parry rings like the bell, and everyone near stops a moment.","Набат и Железное бдение: парирование звенит, как колокол, и все рядом замирают на миг.","Набат і Залізне чування: парирування дзвенить, як дзвін, і всі поруч завмирають на мить.","丧钟与铁之守夜：招架如钟鸣，身边所有敌人僵住片刻。"
RES_MARKED_PREY,"Marked Prey","Помеченная добыча","Позначена здобич","被标记的猎物"
RES_MARKED_PREY_DESC,"Hex of Ashes and Duelist's Poise: an enemy near its end takes a quarter more from every blow.","Пепельная порча и Стойка дуэлянта: враг при смерти получает на четверть больше от любого удара.","Попеляста порча і Постава дуелянта: ворог при смерті отримує на чверть більше від будь-якого удару.","灰烬咒与决斗者架势：濒死的敌人受到的每一击伤害提高四分之一。"
RES_HEADLONG,"Headlong","Очертя голову","Стрімголов","不顾一切"
RES_HEADLONG_DESC,"Unbroken Stride and Wrath: a wound makes your next swing land harder.","Неудержимый шаг и Гнев: рана делает следующий удар сильнее.","Нестримний крок і Гнів: рана робить наступний удар сильнішим.","不屈之步与暴怒：受伤后下一击更重。"
SKIN_FEN_SHROUD_NAME,"Fen Shroud","Болотный саван","Болотяний саван","沼泽裹尸布"
SKIN_FEN_SHROUD_DESC,"Cold as the breath of the elder dead. Lay five elder spirits to rest.","Холодный, как дыхание старших мёртвых. Упокой пять старших духов.","Холодний, як подих старших мертвих. Упокой п'ятьох старших духів.","冷如长者亡魂的气息。安息五个长魂。"
SKIN_ZEALOT_WINE_NAME,"Zealot's Wine","Вино фанатика","Вино фанатика","狂信者之酒"
SKIN_ZEALOT_WINE_DESC,"The colour of the brothers' robes, washed in what they spilled. Lay five Zealot Brothers to rest.","Цвет ряс братьев, отстиранных в том, что они пролили. Упокой пять братьев-фанатиков.","Колір ряс братів, випраних у тому, що вони пролили. Упокой п'ятьох братів-фанатиків.","兄弟们长袍的颜色，浸透了他们泼洒之物。安息五个狂信兄弟。"
DEED_CHOSEN,"The Chosen Laid Low","Избранные повержены","Обрані повалені","选民倒下"
DEED_CHOSEN_DESC,"Lay to rest one of every elite: the elite possessed, the fallen champion, the Zealot Brother and the elder spirit.","Упокой по одному каждого избранного: одержимого-элиту, падшего воителя, брата-фанатика и старшего духа.","Упокой по одному кожного обраного: одержимого-еліту, занепалого воїтеля, брата-фанатика й старшого духа.","每种精锐各安息一个：精英被附身者、堕落勇士、狂信兄弟与长魂。"
BESTIARY_GIFTS,"Gifts","Дары","Дари","恩赐"
BESTIARY_RESONANCES,"Resonances","Созвучия","Співзвуччя","共鸣"
BESTIARY_HINT_GIFT,"Not yet carried through a night.","Ещё ни разу не пронесён через ночь.","Ще жодного разу не пронесений крізь ніч.","尚未伴你度过一夜。"
BESTIARY_ITEMS,"Relics found","Находки","Знахідки","所得之物"
BESTIARY_HINT_ITEM,"Not yet found in a chest or an elite's cache.","Ещё не найдено ни в сундуке, ни в ларце элиты.","Ще не знайдено ні в скрині, ні в скарбничці еліти.","尚未在箱中或精英的遗匣里寻得。"
